Geo_FIPS,Geo_GEOID,Geo_NAME,Geo_QName,Geo_STUSAB,Geo_SUMLEV,Geo_GEOCOMP,Geo_FILEID,Geo_LOGRECNO,Geo_US,Geo_REGION,Geo_DIVISION,Geo_STATECE,Geo_STATE,Geo_COUNTY,Geo_COUSUB,Geo_PLACE,Geo_PLACESE,Geo_TRACT,Geo_BLKGRP,Geo_CONCIT,Geo_AIANHH,Geo_AIANHHFP,Geo_AIHHTLI,Geo_AITSCE,Geo_AITS,Geo_ANRC,Geo_CBSA,Geo_CSA,Geo_METDIV,Geo_MACC,Geo_MEMI,Geo_NECTA,Geo_CNECTA,Geo_NECTADIV,Geo_UA,Geo_UACP,Geo_CDCURR,Geo_SLDU,Geo_SLDL,Geo_VTD,Geo_ZCTA3,Geo_ZCTA5,Geo_SUBMCD,Geo_SDELM,Geo_SDSEC,Geo_SDUNI,Geo_UR,Geo_PCI,Geo_TAZ,Geo_UGA,Geo_BTTR,Geo_BTBG,Geo_PUMA5,Geo_PUMA1,SE_T001_001,SE_T002_001,SE_T002_002,SE_T002_003,SE_T133_001,SE_T133_002,SE_T133_003,SE_T133_004,SE_T133_005,PCT_SE_T133_002,PCT_SE_T133_003,PCT_SE_T133_004,PCT_SE_T133_005,SE_T134_001,SE_T134_002,SE_T134_003,SE_T134_004,SE_T134_005,PCT_SE_T134_002,PCT_SE_T134_003,PCT_SE_T134_004,PCT_SE_T134_005,SE_T139_001,SE_T139_002,SE_T139_003,SE_T139_004,SE_T139_005,SE_T139_006,SE_T139_007,SE_T139_008,SE_T139_009,SE_T139_010,SE_T139_011,SE_T139_012,SE_T139_013,SE_T139_014,SE_T139_015,SE_T139_016,SE_T139_017,SE_T139_018,SE_T139_019,SE_T139_020,SE_T139_021,SE_T139_022,SE_T139_023,SE_T139_024,SE_T139_025,SE_T139_026,SE_T139_027,SE_T139_028,SE_T139_029,SE_T139_030,SE_T139_031,SE_T139_032,SE_T139_033,SE_T139_034,SE_T139_035,SE_T139_036,SE_T139_037,SE_T139_038,SE_T139_039,SE_T139_040,SE_T139_041,SE_T139_042,SE_T139_043,SE_T139_044,SE_T139_045,SE_T139_046,SE_T139_047,SE_T139_048,SE_T139_049,SE_T139_050,SE_T139_051,SE_T139_052,SE_T139_053,SE_T139_054,SE_T139_055,SE_T139_056,SE_T139_057,SE_T139_058,SE_T139_059,SE_T139_060,SE_T139_061,SE_T139_062,SE_T139_063,SE_T139_064,SE_T139_065,SE_T139_066,SE_T139_067,SE_T139_068,SE_T139_069,SE_T139_070,SE_T139_071,SE_T139_072,SE_T139_073,SE_T139_074,SE_T139_075,SE_T139_076,SE_T139_077,SE_T139_078,SE_T139_079,SE_T139_080,SE_T139_081,SE_T139_082,SE_T139_083,SE_T139_084,SE_T139_085,SE_T139_086,SE_T139_087,SE_T139_088,SE_T139_089,SE_T139_090,SE_T139_091,SE_T139_092,SE_T139_093,SE_T139_094,SE_T139_095,SE_T139_096,SE_T139_097,SE_T139_098,SE_T139_099,SE_T139_100,SE_T139_101,SE_T139_102,SE_T139_103,SE_T139_104,SE_T139_105,SE_T139_106,SE_T139_107,SE_T139_108,SE_T139_109,SE_T139_110,SE_T139_111,SE_T139_112,SE_T139_113,SE_T139_114,SE_T139_115,SE_T139_116,SE_T139_117,SE_T139_118,SE_T139_119,SE_T139_120,SE_T139_121,SE_T139_122,SE_T139_123,PCT_SE_T139_002,PCT_SE_T139_003,PCT_SE_T139_004,PCT_SE_T139_005,PCT_SE_T139_006,PCT_SE_T139_007,PCT_SE_T139_008,PCT_SE_T139_009,PCT_SE_T139_010,PCT_SE_T139_011,PCT_SE_T139_012,PCT_SE_T139_013,PCT_SE_T139_014,PCT_SE_T139_015,PCT_SE_T139_016,PCT_SE_T139_017,PCT_SE_T139_018,PCT_SE_T139_019,PCT_SE_T139_020,PCT_SE_T139_021,PCT_SE_T139_022,PCT_SE_T139_023,PCT_SE_T139_024,PCT_SE_T139_025,PCT_SE_T139_026,PCT_SE_T139_027,PCT_SE_T139_028,PCT_SE_T139_029,PCT_SE_T139_030,PCT_SE_T139_031,PCT_SE_T139_032,PCT_SE_T139_033,PCT_SE_T139_034,PCT_SE_T139_035,PCT_SE_T139_036,PCT_SE_T139_037,PCT_SE_T139_038,PCT_SE_T139_039,PCT_SE_T139_040,PCT_SE_T139_041,PCT_SE_T139_042,PCT_SE_T139_043,PCT_SE_T139_044,PCT_SE_T139_045,PCT_SE_T139_046,PCT_SE_T139_047,PCT_SE_T139_048,PCT_SE_T139_049,PCT_SE_T139_050,PCT_SE_T139_051,PCT_SE_T139_052,PCT_SE_T139_053,PCT_SE_T139_054,PCT_SE_T139_055,PCT_SE_T139_056,PCT_SE_T139_057,PCT_SE_T139_058,PCT_SE_T139_059,PCT_SE_T139_060,PCT_SE_T139_061,PCT_SE_T139_062,PCT_SE_T139_063,PCT_SE_T139_064,PCT_SE_T139_065,PCT_SE_T139_066,PCT_SE_T139_067,PCT_SE_T139_068,PCT_SE_T139_069,PCT_SE_T139_070,PCT_SE_T139_071,PCT_SE_T139_072,PCT_SE_T139_073,PCT_SE_T139_074,PCT_SE_T139_075,PCT_SE_T139_076,PCT_SE_T139_077,PCT_SE_T139_078,PCT_SE_T139_079,PCT_SE_T139_080,PCT_SE_T139_081,PCT_SE_T139_082,PCT_SE_T139_083,PCT_SE_T139_084,PCT_SE_T139_085,PCT_SE_T139_086,PCT_SE_T139_087,PCT_SE_T139_088,PCT_SE_T139_089,PCT_SE_T139_090,PCT_SE_T139_091,PCT_SE_T139_092,PCT_SE_T139_093,PCT_SE_T139_094,PCT_SE_T139_095,PCT_SE_T139_096,PCT_SE_T139_097,PCT_SE_T139_098,PCT_SE_T139_099,PCT_SE_T139_100,PCT_SE_T139_101,PCT_SE_T139_102,PCT_SE_T139_103,PCT_SE_T139_104,PCT_SE_T139_105,PCT_SE_T139_106,PCT_SE_T139_107,PCT_SE_T139_108,PCT_SE_T139_109,PCT_SE_T139_110,PCT_SE_T139_111,PCT_SE_T139_112,PCT_SE_T139_113,PCT_SE_T139_114,PCT_SE_T139_115,PCT_SE_T139_116,PCT_SE_T139_117,PCT_SE_T139_118,PCT_SE_T139_119,PCT_SE_T139_120,PCT_SE_T139_121,PCT_SE_T139_122,PCT_SE_T139_123
"36029000110","14000US36029000110","Census Tract 1.10, Erie County, New York","Census Tract 1.10, Erie County, New York","ny","140","00","ACSSF","0010995",,,,,"36","029",,,,"000110",,,,,,,,,,,,,,,,,,,,,,,,,,,,,,,,,,,,,2733,2733,844.0724,3.23787368899007,2733,2653,80,28,52,97.07,2.93,1.02,1.9,80,19,0,0,61,23.75,0,0,76.25,80,58,0,0,0,0,0,0,0,0,0,0,0,0,0,0,0,0,0,0,0,58,0,0,0,39,0,0,19,0,0,0,0,0,0,0,0,0,0,0,0,0,0,0,0,0,0,0,0,0,0,0,0,0,0,0,0,0,0,0,0,0,0,0,0,0,0,0,0,0,0,0,0,0,0,0,0,0,0,0,0,0,0,0,0,0,0,0,0,22,22,22,0,0,22,0,0,0,0,0,0,0,0,0,0,0,0,0,0,0,0,0,0,0,0,0,0,0,0,0,0,0,0,72.5,0,0,0,0,0,0,0,0,0,0,0,0,0,0,0,0,0,0,0,72.5,0,0,0,48.75,0,0,23.75,0,0,0,0,0,0,0,0,0,0,0,0,0,0,0,0,0,0,0,0,0,0,0,0,0,0,0,0,0,0,0,0,0,0,0,0,0,0,0,0,0,0,0,0,0,0,0,0,0,0,0,0,0,0,0,0,0,0,0,0,27.5,27.5,27.5,0,0,27.5,0,0,0,0,0,0,0,0,0,0,0,0,0,0,0,0,0,0,0,0,0,0,0,0,0,0,0,0
"36029000200","14000US36029000200","Census Tract 2, Erie County, New York","Census Tract 2, Erie County, New York","ny","140","00","ACSSF","0010996",,,,,"36","029",,,,"000200",,,,,,,,,,,,,,,,,,,,,,,,,,,,,,,,,,,,,4137,4137,8799.918,0.470118008268764,4137,3835,302,95,207,92.7,7.3,2.3,5,302,147,26,37,92,48.68,8.61,12.25,30.46,302,76,0,0,0,0,0,0,0,0,0,0,0,0,0,18,0,18,0,0,0,58,0,0,8,0,0,8,42,0,0,0,0,62,12,0,0,0,0,0,12,0,31,0,0,31,0,0,0,19,0,0,0,0,0,19,0,0,0,0,0,0,0,0,0,0,0,0,0,0,0,0,0,0,0,0,0,0,0,0,0,0,0,0,0,0,0,0,0,164,164,139,0,139,0,0,0,0,0,7,7,0,0,0,0,0,0,0,18,0,0,0,0,7,0,0,11,0,0,0,0,0,0,25.17,0,0,0,0,0,0,0,0,0,0,0,0,0,5.96,0,5.96,0,0,0,19.21,0,0,2.65,0,0,2.65,13.91,0,0,0,0,20.53,3.97,0,0,0,0,0,3.97,0,10.26,0,0,10.26,0,0,0,6.29,0,0,0,0,0,6.29,0,0,0,0,0,0,0,0,0,0,0,0,0,0,0,0,0,0,0,0,0,0,0,0,0,0,0,0,0,0,0,0,0,54.3,54.3,46.03,0,46.03,0,0,0,0,0,2.32,2.32,0,0,0,0,0,0,0,5.96,0,0,0,0,2.32,0,0,3.64,0,0,0,0,0,0
"36029000500","14000US36029000500","Census Tract 5, Erie County, New York","Census Tract 5, Erie County, New York","ny","140","00","ACSSF","0010997",,,,,"36","029",,,,"000500",,,,,,,,,,,,,,,,,,,,,,,,,,,,,,,,,,,,,2090,2090,1285.903,1.62531718293676,2090,1997,93,54,39,95.55,4.45,2.58,1.87,93,32,34,0,27,34.41,36.56,0,29.03,93,27,0,0,0,0,0,0,0,5,0,0,5,0,0,0,0,0,0,0,0,22,0,0,0,22,0,0,0,0,0,0,0,66,0,0,0,0,0,0,0,0,0,0,0,0,0,0,0,0,0,0,0,0,0,0,0,0,0,0,0,0,0,0,0,66,0,0,0,0,0,0,0,0,0,0,0,0,0,0,0,0,0,0,0,0,0,0,0,0,0,0,0,0,0,0,0,0,0,0,0,0,0,0,0,0,0,0,0,0,0,0,0,0,0,0,0,0,0,0,0,0,0,29.03,0,0,0,0,0,0,0,5.38,0,0,5.38,0,0,0,0,0,0,0,0,23.66,0,0,0,23.66,0,0,0,0,0,0,0,70.97,0,0,0,0,0,0,0,0,0,0,0,0,0,0,0,0,0,0,0,0,0,0,0,0,0,0,0,0,0,0,0,70.97,0,0,0,0,0,0,0,0,0,0,0,0,0,0,0,0,0,0,0,0,0,0,0,0,0,0,0,0,0,0,0,0,0,0,0,0,0,0,0,0,0,0,0,0,0,0,0,0,0,0,0,0,0,0,0,0,0
"36029000600","14000US36029000600","Census Tract 6, Erie County, New York","Census Tract 6, Erie County, New York","ny","140","00","ACSSF","0010998",,,,,"36","029",,,,"000600",,,,,,,,,,,,,,,,,,,,,,,,,,,,,,,,,,,,,5238,5238,11655.91,0.44938586588046,5238,4876,362,63,299,93.09,6.91,1.2,5.71,362,231,52,34,45,63.81,14.36,9.39,12.43,362,45,11,0,0,0,0,11,0,0,0,0,0,0,0,0,0,0,0,0,0,34,0,0,18,0,0,0,16,0,0,0,0,0,0,0,0,0,0,0,0,0,0,0,0,0,0,0,0,0,0,0,0,0,0,0,0,0,0,0,0,0,0,0,0,0,283,0,0,0,0,0,0,0,0,0,0,0,0,0,0,0,0,283,0,0,0,0,0,34,0,0,0,0,0,0,0,0,0,0,0,0,0,0,0,0,0,0,0,0,0,0,0,0,0,0,0,0,0,0,34,34,0,12.43,3.04,0,0,0,0,3.04,0,0,0,0,0,0,0,0,0,0,0,0,0,9.39,0,0,4.97,0,0,0,4.42,0,0,0,0,0,0,0,0,0,0,0,0,0,0,0,0,0,0,0,0,0,0,0,0,0,0,0,0,0,0,0,0,0,0,0,0,0,78.18,0,0,0,0,0,0,0,0,0,0,0,0,0,0,0,0,78.18,0,0,0,0,0,9.39,0,0,0,0,0,0,0,0,0,0,0,0,0,0,0,0,0,0,0,0,0,0,0,0,0,0,0,0,0,0,9.39,9.39,0
"36029000700","14000US36029000700","Census Tract 7, Erie County, New York","Census Tract 7, Erie County, New York","ny","140","00","ACSSF","0010999",,,,,"36","029",,,,"000700",,,,,,,,,,,,,,,,,,,,,,,,,,,,,,,,,,,,,3780,3780,9159.719,0.412676429388862,3780,3733,47,31,16,98.76,1.24,0.82,0.42,47,16,0,0,31,34.04,0,0,65.96,47,35,11,0,0,0,0,11,0,13,13,0,0,0,0,4,0,0,0,4,0,7,0,0,0,7,0,0,0,0,0,0,0,0,0,0,0,0,0,0,0,0,0,0,0,0,0,0,0,0,0,0,0,0,0,0,0,0,0,0,0,0,0,0,0,0,0,0,0,0,0,0,0,0,0,0,0,0,0,0,0,0,0,0,0,0,0,0,0,12,12,12,0,0,0,0,12,0,0,0,0,0,0,0,0,0,0,0,0,0,0,0,0,0,0,0,0,0,0,0,0,0,0,74.47,23.4,0,0,0,0,23.4,0,27.66,27.66,0,0,0,0,8.51,0,0,0,8.51,0,14.89,0,0,0,14.89,0,0,0,0,0,0,0,0,0,0,0,0,0,0,0,0,0,0,0,0,0,0,0,0,0,0,0,0,0,0,0,0,0,0,0,0,0,0,0,0,0,0,0,0,0,0,0,0,0,0,0,0,0,0,0,0,0,0,0,0,0,0,0,25.53,25.53,25.53,0,0,0,0,25.53,0,0,0,0,0,0,0,0,0,0,0,0,0,0,0,0,0,0,0,0,0,0,0,0,0,0
"36029000800","14000US36029000800","Census Tract 8, Erie County, New York","Census Tract 8, Erie County, New York","ny","140","00","ACSSF","0011000",,,,,"36","029",,,,"000800",,,,,,,,,,,,,,,,,,,,,,,,,,,,,,,,,,,,,5132,5132,12189.95,0.421002722792538,5132,5047,85,39,46,98.34,1.66,0.76,0.9,85,0,0,30,55,0,0,35.29,64.71,85,45,0,0,0,0,0,0,0,0,0,0,0,0,0,0,0,0,0,0,0,45,0,0,0,0,0,0,45,0,0,0,0,0,0,0,0,0,0,0,0,0,0,0,0,0,0,0,0,0,0,0,0,0,0,0,0,0,0,0,0,0,0,0,0,0,0,0,0,0,0,0,0,0,0,0,0,0,0,0,0,0,0,0,0,0,0,0,0,40,30,30,0,0,0,0,30,0,0,0,0,0,0,0,0,0,0,0,0,0,0,0,0,0,0,0,0,0,0,0,10,10,0,52.94,0,0,0,0,0,0,0,0,0,0,0,0,0,0,0,0,0,0,0,52.94,0,0,0,0,0,0,52.94,0,0,0,0,0,0,0,0,0,0,0,0,0,0,0,0,0,0,0,0,0,0,0,0,0,0,0,0,0,0,0,0,0,0,0,0,0,0,0,0,0,0,0,0,0,0,0,0,0,0,0,0,0,0,0,0,0,0,0,0,47.06,35.29,35.29,0,0,0,0,35.29,0,0,0,0,0,0,0,0,0,0,0,0,0,0,0,0,0,0,0,0,0,0,0,11.76,11.76,0
"36029000900","14000US36029000900","Census Tract 9, Erie County, New York","Census Tract 9, Erie County, New York","ny","140","00","ACSSF","0011001",,,,,"36","029",,,,"000900",,,,,,,,,,,,,,,,,,,,,,,,,,,,,,,,,,,,,2358,2358,11120.38,0.212043067381007,2358,2325,33,18,15,98.6,1.4,0.76,0.64,33,0,18,15,0,0,54.55,45.45,0,33,15,0,0,0,0,0,0,0,15,0,0,15,0,0,0,0,0,0,0,0,0,0,0,0,0,0,0,0,0,0,0,0,0,0,0,0,0,0,0,0,0,0,0,0,0,0,0,0,0,0,0,0,0,0,0,0,0,0,0,0,0,0,0,0,0,0,0,0,0,0,0,0,0,0,0,0,0,0,0,0,0,0,0,0,0,0,0,0,18,18,18,0,0,0,0,0,0,18,0,0,0,0,0,0,0,0,0,0,0,0,0,0,0,0,0,0,0,0,0,0,0,0,45.45,0,0,0,0,0,0,0,45.45,0,0,45.45,0,0,0,0,0,0,0,0,0,0,0,0,0,0,0,0,0,0,0,0,0,0,0,0,0,0,0,0,0,0,0,0,0,0,0,0,0,0,0,0,0,0,0,0,0,0,0,0,0,0,0,0,0,0,0,0,0,0,0,0,0,0,0,0,0,0,0,0,0,0,0,0,0,0,0,0,54.55,54.55,54.55,0,0,0,0,0,0,54.55,0,0,0,0,0,0,0,0,0,0,0,0,0,0,0,0,0,0,0,0,0,0,0,0
"36029001000","14000US36029001000","Census Tract 10, Erie County, New York","Census Tract 10, Erie County, New York","ny","140","00","ACSSF","0011002",,,,,"36","029",,,,"001000",,,,,,,,,,,,,,,,,,,,,,,,,,,,,,,,,,,,,6242,6242,7813.366,0.798887485192982,6242,6063,179,64,115,97.13,2.87,1.03,1.84,179,63,54,8,54,35.2,30.17,4.47,30.17,179,54,0,0,0,0,0,0,0,54,0,0,54,0,0,0,0,0,0,0,0,0,0,0,0,0,0,0,0,0,0,0,0,18,0,0,0,0,0,0,0,0,18,0,0,18,0,0,0,0,0,0,0,0,0,0,0,0,0,0,0,0,0,0,0,0,0,0,0,0,0,0,0,0,0,0,0,0,0,0,0,0,0,0,0,0,0,0,0,107,107,44,0,0,0,0,44,0,0,0,0,0,0,0,0,0,0,0,63,0,0,0,0,0,0,0,63,0,0,0,0,0,0,30.17,0,0,0,0,0,0,0,30.17,0,0,30.17,0,0,0,0,0,0,0,0,0,0,0,0,0,0,0,0,0,0,0,0,10.06,0,0,0,0,0,0,0,0,10.06,0,0,10.06,0,0,0,0,0,0,0,0,0,0,0,0,0,0,0,0,0,0,0,0,0,0,0,0,0,0,0,0,0,0,0,0,0,0,0,0,0,0,0,0,0,0,0,59.78,59.78,24.58,0,0,0,0,24.58,0,0,0,0,0,0,0,0,0,0,0,35.2,0,0,0,0,0,0,0,35.2,0,0,0,0,0,0
"36029001100","14000US36029001100","Census Tract 11, Erie County, New York","Census Tract 11, Erie County, New York","ny","140","00","ACSSF","0011003",,,,,"36","029",,,,"001100",,,,,,,,,,,,,,,,,,,,,,,,,,,,,,,,,,,,,2673,2673,4946.027,0.540433778071559,2673,2646,27,15,12,98.99,1.01,0.56,0.45,27,0,0,8,19,0,0,29.63,70.37,27,7,7,0,0,0,0,7,0,0,0,0,0,0,0,0,0,0,0,0,0,0,0,0,0,0,0,0,0,0,0,0,0,0,0,0,0,0,0,0,0,0,0,0,0,0,0,0,0,0,0,0,0,0,0,0,0,0,0,0,0,0,0,0,0,0,0,0,0,0,0,0,0,0,0,0,0,0,0,0,0,0,0,0,0,0,0,0,0,20,0,0,0,0,0,0,0,0,0,0,0,0,0,0,0,0,0,0,0,0,0,0,0,0,0,0,0,0,0,0,20,20,0,25.93,25.93,0,0,0,0,25.93,0,0,0,0,0,0,0,0,0,0,0,0,0,0,0,0,0,0,0,0,0,0,0,0,0,0,0,0,0,0,0,0,0,0,0,0,0,0,0,0,0,0,0,0,0,0,0,0,0,0,0,0,0,0,0,0,0,0,0,0,0,0,0,0,0,0,0,0,0,0,0,0,0,0,0,0,0,0,0,0,0,74.07,0,0,0,0,0,0,0,0,0,0,0,0,0,0,0,0,0,0,0,0,0,0,0,0,0,0,0,0,0,0,74.07,74.07,0
"36029001402","14000US36029001402","Census Tract 14.02, Erie County, New York","Census Tract 14.02, Erie County, New York","ny","140","00","ACSSF","0011004",,,,,"36","029",,,,"001402",,,,,,,,,,,,,,,,,,,,,,,,,,,,,,,,,,,,,3786,3786,9007.528,0.420315074818879,3786,3612,174,165,9,95.4,4.6,4.36,0.24,174,26,148,0,0,14.94,85.06,0,0,174,0,0,0,0,0,0,0,0,0,0,0,0,0,0,0,0,0,0,0,0,0,0,0,0,0,0,0,0,0,0,0,0,0,0,0,0,0,0,0,0,0,0,0,0,0,0,0,0,0,0,0,0,0,0,0,0,0,0,0,0,0,0,0,0,0,111,30,0,0,30,0,0,0,0,0,0,0,0,0,0,0,0,81,0,0,0,0,0,63,17,17,8,0,0,0,0,0,9,0,0,0,0,0,0,0,0,0,0,0,0,0,0,0,0,0,0,0,0,0,46,46,0,0,0,0,0,0,0,0,0,0,0,0,0,0,0,0,0,0,0,0,0,0,0,0,0,0,0,0,0,0,0,0,0,0,0,0,0,0,0,0,0,0,0,0,0,0,0,0,0,0,0,0,0,0,0,0,0,0,0,0,0,0,0,0,0,0,63.79,17.24,0,0,17.24,0,0,0,0,0,0,0,0,0,0,0,0,46.55,0,0,0,0,0,36.21,9.77,9.77,4.6,0,0,0,0,0,5.17,0,0,0,0,0,0,0,0,0,0,0,0,0,0,0,0,0,0,0,0,0,26.44,26.44,0
"36029001500","14000US36029001500","Census Tract 15, Erie County, New York","Census Tract 15, Erie County, New York","ny","140","00","ACSSF","0011005",,,,,"36","029",,,,"001500",,,,,,,,,,,,,,,,,,,,,,,,,,,,,,,,,,,,,1321,1321,3577.923,0.369208660426226,1321,1288,33,23,10,97.5,2.5,1.74,0.76,33,0,10,0,23,0,30.3,0,69.7,33,0,0,0,0,0,0,0,0,0,0,0,0,0,0,0,0,0,0,0,0,0,0,0,0,0,0,0,0,0,0,0,0,10,0,0,0,0,0,0,0,0,0,0,0,0,0,0,0,0,0,0,0,0,0,0,0,10,0,0,0,0,0,0,10,0,0,0,0,0,0,0,0,0,0,0,0,0,0,0,0,0,0,0,0,0,0,0,0,23,23,23,0,0,0,0,0,0,23,0,0,0,0,0,0,0,0,0,0,0,0,0,0,0,0,0,0,0,0,0,0,0,0,0,0,0,0,0,0,0,0,0,0,0,0,0,0,0,0,0,0,0,0,0,0,0,0,0,0,0,0,0,0,0,0,30.3,0,0,0,0,0,0,0,0,0,0,0,0,0,0,0,0,0,0,0,0,0,0,0,30.3,0,0,0,0,0,0,30.3,0,0,0,0,0,0,0,0,0,0,0,0,0,0,0,0,0,0,0,0,0,0,0,0,69.7,69.7,69.7,0,0,0,0,0,0,69.7,0,0,0,0,0,0,0,0,0,0,0,0,0,0,0,0,0,0,0,0,0,0,0,0
"36029001600","14000US36029001600","Census Tract 16, Erie County, New York","Census Tract 16, Erie County, New York","ny","140","00","ACSSF","0011006",,,,,"36","029",,,,"001600",,,,,,,,,,,,,,,,,,,,,,,,,,,,,,,,,,,,,2129,2129,2808.041,0.758179960679354,2129,1797,332,165,167,84.41,15.59,7.75,7.84,332,84,164,21,63,25.3,49.4,6.33,18.98,332,62,0,0,0,0,0,0,0,0,0,0,0,0,0,0,0,0,0,0,0,62,0,0,0,62,0,0,0,0,0,0,0,260,20,0,0,0,0,20,0,0,11,0,0,11,0,0,0,132,0,26,0,0,0,106,0,97,0,0,0,0,0,0,97,0,10,0,0,0,0,0,0,0,0,0,0,0,0,0,0,0,0,10,0,0,0,0,0,0,0,0,0,0,0,0,0,0,0,0,0,0,0,0,0,0,0,0,0,0,0,0,0,0,0,0,0,0,0,0,0,0,0,18.67,0,0,0,0,0,0,0,0,0,0,0,0,0,0,0,0,0,0,0,18.67,0,0,0,18.67,0,0,0,0,0,0,0,78.31,6.02,0,0,0,0,6.02,0,0,3.31,0,0,3.31,0,0,0,39.76,0,7.83,0,0,0,31.93,0,29.22,0,0,0,0,0,0,29.22,0,3.01,0,0,0,0,0,0,0,0,0,0,0,0,0,0,0,0,3.01,0,0,0,0,0,0,0,0,0,0,0,0,0,0,0,0,0,0,0,0,0,0,0,0,0,0,0,0,0,0,0,0,0,0,0,0,0,0,0
"36029001700","14000US36029001700","Census Tract 17, Erie County, New York","Census Tract 17, Erie County, New York","ny","140","00","ACSSF","0011007",,,,,"36","029",,,,"001700",,,,,,,,,,,,,,,,,,,,,,,,,,,,,,,,,,,,,2047,2047,4555.391,0.449357680421685,2047,1873,174,117,57,91.5,8.5,5.72,2.78,174,43,82,11,38,24.71,47.13,6.32,21.84,174,49,0,0,0,0,0,0,0,8,0,0,8,0,0,0,0,0,0,0,0,41,0,0,0,0,0,0,18,23,0,0,0,68,0,0,0,0,0,0,0,0,0,0,0,0,0,0,0,0,0,0,0,0,0,0,0,68,0,0,0,0,0,0,68,0,0,0,0,0,0,0,0,0,0,0,0,0,0,0,0,0,0,0,0,0,0,0,0,57,57,0,0,0,0,0,0,0,0,0,0,0,0,0,0,0,0,0,57,0,0,15,0,0,42,0,0,0,0,0,0,0,0,28.16,0,0,0,0,0,0,0,4.6,0,0,4.6,0,0,0,0,0,0,0,0,23.56,0,0,0,0,0,0,10.34,13.22,0,0,0,39.08,0,0,0,0,0,0,0,0,0,0,0,0,0,0,0,0,0,0,0,0,0,0,0,39.08,0,0,0,0,0,0,39.08,0,0,0,0,0,0,0,0,0,0,0,0,0,0,0,0,0,0,0,0,0,0,0,0,32.76,32.76,0,0,0,0,0,0,0,0,0,0,0,0,0,0,0,0,0,32.76,0,0,8.62,0,0,24.14,0,0,0,0,0,0,0,0
"36029001900","14000US36029001900","Census Tract 19, Erie County, New York","Census Tract 19, Erie County, New York","ny","140","00","ACSSF","0011008",,,,,"36","029",,,,"001900",,,,,,,,,,,,,,,,,,,,,,,,,,,,,,,,,,,,,3014,3014,6396.992,0.471158939732539,3014,2873,141,119,22,95.32,4.68,3.95,0.73,141,12,37,11,81,8.51,26.24,7.8,57.45,141,85,0,0,0,0,0,0,0,21,0,0,11,0,10,0,0,0,0,0,0,64,0,0,0,33,0,0,31,0,0,0,0,0,0,0,0,0,0,0,0,0,0,0,0,0,0,0,0,0,0,0,0,0,0,0,0,0,0,0,0,0,0,0,0,0,27,0,0,0,0,0,0,0,0,0,0,0,27,0,0,27,0,0,0,0,0,0,0,29,0,0,0,0,0,0,0,0,0,0,0,0,0,0,0,0,0,0,0,0,0,0,0,0,0,0,0,0,0,0,29,29,0,60.28,0,0,0,0,0,0,0,14.89,0,0,7.8,0,7.09,0,0,0,0,0,0,45.39,0,0,0,23.4,0,0,21.99,0,0,0,0,0,0,0,0,0,0,0,0,0,0,0,0,0,0,0,0,0,0,0,0,0,0,0,0,0,0,0,0,0,0,0,0,0,19.15,0,0,0,0,0,0,0,0,0,0,0,19.15,0,0,19.15,0,0,0,0,0,0,0,20.57,0,0,0,0,0,0,0,0,0,0,0,0,0,0,0,0,0,0,0,0,0,0,0,0,0,0,0,0,0,0,20.57,20.57,0
"36029002300","14000US36029002300","Census Tract 23, Erie County, New York","Census Tract 23, Erie County, New York","ny","140","00","ACSSF","0011009",,,,,"36","029",,,,"002300",,,,,,,,,,,,,,,,,,,,,,,,,,,,,,,,,,,,,3522,3522,11783.65,0.298888643499507,3522,3503,19,9,10,99.46,0.54,0.26,0.28,19,0,0,0,19,0,0,0,100,19,19,0,0,0,0,0,0,0,9,0,0,9,0,0,0,0,0,0,0,0,10,0,0,0,10,0,0,0,0,0,0,0,0,0,0,0,0,0,0,0,0,0,0,0,0,0,0,0,0,0,0,0,0,0,0,0,0,0,0,0,0,0,0,0,0,0,0,0,0,0,0,0,0,0,0,0,0,0,0,0,0,0,0,0,0,0,0,0,0,0,0,0,0,0,0,0,0,0,0,0,0,0,0,0,0,0,0,0,0,0,0,0,0,0,0,0,0,0,0,0,0,0,100,0,0,0,0,0,0,0,47.37,0,0,47.37,0,0,0,0,0,0,0,0,52.63,0,0,0,52.63,0,0,0,0,0,0,0,0,0,0,0,0,0,0,0,0,0,0,0,0,0,0,0,0,0,0,0,0,0,0,0,0,0,0,0,0,0,0,0,0,0,0,0,0,0,0,0,0,0,0,0,0,0,0,0,0,0,0,0,0,0,0,0,0,0,0,0,0,0,0,0,0,0,0,0,0,0,0,0,0,0,0,0,0,0,0,0,0,0,0,0,0,0,0,0,0,0
"36029002400","14000US36029002400","Census Tract 24, Erie County, New York","Census Tract 24, Erie County, New York","ny","140","00","ACSSF","0011010",,,,,"36","029",,,,"002400",,,,,,,,,,,,,,,,,,,,,,,,,,,,,,,,,,,,,3826,3826,5910.506,0.647321918093829,3826,3536,290,165,125,92.42,7.58,4.31,3.27,290,86,100,12,92,29.66,34.48,4.14,31.72,290,115,0,0,0,0,0,0,0,29,0,0,29,0,0,0,0,0,0,0,0,86,0,0,0,86,0,0,0,0,0,0,0,0,0,0,0,0,0,0,0,0,0,0,0,0,0,0,0,0,0,0,0,0,0,0,0,0,0,0,0,0,0,0,0,0,0,0,0,0,0,0,0,0,0,0,0,0,0,0,0,0,0,0,0,0,0,0,0,175,39,0,0,0,0,0,0,0,0,12,0,0,12,0,0,0,0,0,27,0,0,0,0,0,27,0,0,0,0,0,136,136,0,39.66,0,0,0,0,0,0,0,10,0,0,10,0,0,0,0,0,0,0,0,29.66,0,0,0,29.66,0,0,0,0,0,0,0,0,0,0,0,0,0,0,0,0,0,0,0,0,0,0,0,0,0,0,0,0,0,0,0,0,0,0,0,0,0,0,0,0,0,0,0,0,0,0,0,0,0,0,0,0,0,0,0,0,0,0,0,0,0,0,0,60.34,13.45,0,0,0,0,0,0,0,0,4.14,0,0,4.14,0,0,0,0,0,9.31,0,0,0,0,0,9.31,0,0,0,0,0,46.9,46.9,0
"36029002502","14000US36029002502","Census Tract 25.02, Erie County, New York","Census Tract 25.02, Erie County, New York","ny","140","00","ACSSF","0011011",,,,,"36","029",,,,"002502",,,,,,,,,,,,,,,,,,,,,,,,,,,,,,,,,,,,,1765,1765,4150.562,0.425243669082637,1765,1674,91,89,2,94.84,5.16,5.04,0.11,91,2,36,0,53,2.2,39.56,0,58.24,91,0,0,0,0,0,0,0,0,0,0,0,0,0,0,0,0,0,0,0,0,0,0,0,0,0,0,0,0,0,0,0,0,2,2,0,0,0,0,0,2,0,0,0,0,0,0,0,0,0,0,0,0,0,0,0,0,0,0,0,0,0,0,0,0,0,36,36,24,0,12,0,0,0,0,0,0,0,0,0,0,0,0,0,0,0,0,0,0,53,53,53,0,0,0,0,53,0,0,0,0,0,0,0,0,0,0,0,0,0,0,0,0,0,0,0,0,0,0,0,0,0,0,0,0,0,0,0,0,0,0,0,0,0,0,0,0,0,0,0,0,0,0,0,0,0,0,0,0,0,0,0,0,0,0,2.2,2.2,0,0,0,0,0,2.2,0,0,0,0,0,0,0,0,0,0,0,0,0,0,0,0,0,0,0,0,0,0,0,0,0,39.56,39.56,26.37,0,13.19,0,0,0,0,0,0,0,0,0,0,0,0,0,0,0,0,0,0,58.24,58.24,58.24,0,0,0,0,58.24,0,0,0,0,0,0,0,0,0,0,0,0,0,0,0,0,0,0,0,0,0,0,0,0,0,0
"36029002702","14000US36029002702","Census Tract 27.02, Erie County, New York","Census Tract 27.02, Erie County, New York","ny","140","00","ACSSF","0011012",,,,,"36","029",,,,"002702",,,,,,,,,,,,,,,,,,,,,,,,,,,,,,,,,,,,,2712,2712,7758.044,0.34957266211272,2712,2296,416,189,227,84.66,15.34,6.97,8.37,416,190,159,35,32,45.67,38.22,8.41,7.69,416,20,0,0,0,0,0,0,0,0,0,0,0,0,0,0,0,0,0,0,0,20,0,0,0,20,0,0,0,0,0,0,0,218,0,0,0,0,0,0,0,0,218,0,43,85,0,90,0,0,0,0,0,0,0,0,0,0,0,0,0,0,0,0,0,0,97,77,0,0,77,0,0,0,0,0,0,0,20,0,0,0,20,0,0,0,0,0,0,81,58,0,0,0,0,0,0,0,0,0,0,0,0,0,0,0,0,0,58,0,0,0,0,0,0,58,0,0,0,0,23,23,0,4.81,0,0,0,0,0,0,0,0,0,0,0,0,0,0,0,0,0,0,0,4.81,0,0,0,4.81,0,0,0,0,0,0,0,52.4,0,0,0,0,0,0,0,0,52.4,0,10.34,20.43,0,21.63,0,0,0,0,0,0,0,0,0,0,0,0,0,0,0,0,0,0,23.32,18.51,0,0,18.51,0,0,0,0,0,0,0,4.81,0,0,0,4.81,0,0,0,0,0,0,19.47,13.94,0,0,0,0,0,0,0,0,0,0,0,0,0,0,0,0,0,13.94,0,0,0,0,0,0,13.94,0,0,0,0,5.53,5.53,0
"36029002800","14000US36029002800","Census Tract 28, Erie County, New York","Census Tract 28, Erie County, New York","ny","140","00","ACSSF","0011013",,,,,"36","029",,,,"002800",,,,,,,,,,,,,,,,,,,,,,,,,,,,,,,,,,,,,2490,2490,5544.32,0.449108258416641,2490,2459,31,0,31,98.76,1.24,0,1.24,31,0,20,0,11,0,64.52,0,35.48,31,0,0,0,0,0,0,0,0,0,0,0,0,0,0,0,0,0,0,0,0,0,0,0,0,0,0,0,0,0,0,0,0,31,20,20,20,0,0,0,0,0,0,0,0,0,0,0,0,0,0,0,0,0,0,0,0,11,0,0,11,0,0,0,0,0,0,0,0,0,0,0,0,0,0,0,0,0,0,0,0,0,0,0,0,0,0,0,0,0,0,0,0,0,0,0,0,0,0,0,0,0,0,0,0,0,0,0,0,0,0,0,0,0,0,0,0,0,0,0,0,0,0,0,0,0,0,0,0,0,0,0,0,0,0,0,0,0,0,0,0,0,0,0,0,0,0,0,0,0,0,0,0,0,0,100,64.52,64.52,64.52,0,0,0,0,0,0,0,0,0,0,0,0,0,0,0,0,0,0,0,0,35.48,0,0,35.48,0,0,0,0,0,0,0,0,0,0,0,0,0,0,0,0,0,0,0,0,0,0,0,0,0,0,0,0,0,0,0,0,0,0,0,0,0,0,0,0,0,0,0,0,0,0,0,0,0,0,0,0,0,0,0,0,0,0,0,0,0,0
"36029002900","14000US36029002900","Census Tract 29, Erie County, New York","Census Tract 29, Erie County, New York","ny","140","00","ACSSF","0011014",,,,,"36","029",,,,"002900",,,,,,,,,,,,,,,,,,,,,,,,,,,,,,,,,,,,,2725,2725,9078.524,0.300158919655226,2725,2596,129,92,37,95.27,4.73,3.38,1.36,129,37,31,61,0,28.68,24.03,47.29,0,129,0,0,0,0,0,0,0,0,0,0,0,0,0,0,0,0,0,0,0,0,0,0,0,0,0,0,0,0,0,0,0,0,31,0,0,0,0,0,0,0,0,0,0,0,0,0,0,0,31,0,0,0,0,0,31,0,0,0,0,0,0,0,0,0,0,0,0,0,0,0,0,0,0,0,0,0,0,0,0,0,0,0,0,0,0,0,0,0,98,98,98,0,0,0,0,98,0,0,0,0,0,0,0,0,0,0,0,0,0,0,0,0,0,0,0,0,0,0,0,0,0,0,0,0,0,0,0,0,0,0,0,0,0,0,0,0,0,0,0,0,0,0,0,0,0,0,0,0,0,0,0,0,0,0,24.03,0,0,0,0,0,0,0,0,0,0,0,0,0,0,0,24.03,0,0,0,0,0,24.03,0,0,0,0,0,0,0,0,0,0,0,0,0,0,0,0,0,0,0,0,0,0,0,0,0,0,0,0,0,0,0,0,0,75.97,75.97,75.97,0,0,0,0,75.97,0,0,0,0,0,0,0,0,0,0,0,0,0,0,0,0,0,0,0,0,0,0,0,0,0,0
"36029003000","14000US36029003000","Census Tract 30, Erie County, New York","Census Tract 30, Erie County, New York","ny","140","00","ACSSF","0011015",,,,,"36","029",,,,"003000",,,,,,,,,,,,,,,,,,,,,,,,,,,,,,,,,,,,,3001,3001,5487.46,0.546883228802605,3001,2968,33,33,0,98.9,1.1,1.1,0,33,0,0,0,33,0,0,0,100,33,33,0,0,0,0,0,0,0,0,0,0,0,0,0,0,0,0,0,0,0,33,0,0,0,0,0,0,33,0,0,0,0,0,0,0,0,0,0,0,0,0,0,0,0,0,0,0,0,0,0,0,0,0,0,0,0,0,0,0,0,0,0,0,0,0,0,0,0,0,0,0,0,0,0,0,0,0,0,0,0,0,0,0,0,0,0,0,0,0,0,0,0,0,0,0,0,0,0,0,0,0,0,0,0,0,0,0,0,0,0,0,0,0,0,0,0,0,0,0,0,0,0,100,0,0,0,0,0,0,0,0,0,0,0,0,0,0,0,0,0,0,0,100,0,0,0,0,0,0,100,0,0,0,0,0,0,0,0,0,0,0,0,0,0,0,0,0,0,0,0,0,0,0,0,0,0,0,0,0,0,0,0,0,0,0,0,0,0,0,0,0,0,0,0,0,0,0,0,0,0,0,0,0,0,0,0,0,0,0,0,0,0,0,0,0,0,0,0,0,0,0,0,0,0,0,0,0,0,0,0,0,0,0,0,0,0,0,0,0,0,0,0,0,0
"36029003100","14000US36029003100","Census Tract 31, Erie County, New York","Census Tract 31, Erie County, New York","ny","140","00","ACSSF","0011016",,,,,"36","029",,,,"003100",,,,,,,,,,,,,,,,,,,,,,,,,,,,,,,,,,,,,2721,2721,4712.057,0.577454799018374,2721,2639,82,34,48,96.99,3.01,1.25,1.76,82,48,0,22,12,58.54,0,26.83,14.63,82,12,0,0,0,0,0,0,0,0,0,0,0,0,0,0,0,0,0,0,0,12,0,0,12,0,0,0,0,0,0,0,0,0,0,0,0,0,0,0,0,0,0,0,0,0,0,0,0,0,0,0,0,0,0,0,0,0,0,0,0,0,0,0,0,0,0,0,0,0,0,0,0,0,0,0,0,0,0,0,0,0,0,0,0,0,0,0,0,70,70,70,0,0,0,0,22,48,0,0,0,0,0,0,0,0,0,0,0,0,0,0,0,0,0,0,0,0,0,0,0,0,0,14.63,0,0,0,0,0,0,0,0,0,0,0,0,0,0,0,0,0,0,0,14.63,0,0,14.63,0,0,0,0,0,0,0,0,0,0,0,0,0,0,0,0,0,0,0,0,0,0,0,0,0,0,0,0,0,0,0,0,0,0,0,0,0,0,0,0,0,0,0,0,0,0,0,0,0,0,0,0,0,0,0,0,0,0,0,0,0,0,0,0,85.37,85.37,85.37,0,0,0,0,26.83,58.54,0,0,0,0,0,0,0,0,0,0,0,0,0,0,0,0,0,0,0,0,0,0,0,0,0
"36029003301","14000US36029003301","Census Tract 33.01, Erie County, New York","Census Tract 33.01, Erie County, New York","ny","140","00","ACSSF","0011017",,,,,"36","029",,,,"003301",,,,,,,,,,,,,,,,,,,,,,,,,,,,,,,,,,,,,3863,3863,14097.42,0.274021732919226,3863,3685,178,9,169,95.39,4.61,0.23,4.37,178,156,0,0,22,87.64,0,0,12.36,178,0,0,0,0,0,0,0,0,0,0,0,0,0,0,0,0,0,0,0,0,0,0,0,0,0,0,0,0,0,0,0,0,0,0,0,0,0,0,0,0,0,0,0,0,0,0,0,0,0,0,0,0,0,0,0,0,0,0,0,0,0,0,0,0,0,0,0,0,0,0,0,0,0,0,0,0,0,0,0,0,0,0,0,0,0,0,0,0,178,178,58,9,0,0,49,0,0,0,0,0,0,0,0,0,0,0,0,120,0,0,0,0,0,0,0,0,120,0,0,0,0,0,0,0,0,0,0,0,0,0,0,0,0,0,0,0,0,0,0,0,0,0,0,0,0,0,0,0,0,0,0,0,0,0,0,0,0,0,0,0,0,0,0,0,0,0,0,0,0,0,0,0,0,0,0,0,0,0,0,0,0,0,0,0,0,0,0,0,0,0,0,0,0,0,0,0,0,0,0,0,0,0,0,0,0,0,0,0,0,0,100,100,32.58,5.06,0,0,27.53,0,0,0,0,0,0,0,0,0,0,0,0,67.42,0,0,0,0,0,0,0,0,67.42,0,0,0,0,0
"36029003302","14000US36029003302","Census Tract 33.02, Erie County, New York","Census Tract 33.02, Erie County, New York","ny","140","00","ACSSF","0011018",,,,,"36","029",,,,"003302",,,,,,,,,,,,,,,,,,,,,,,,,,,,,,,,,,,,,3055,3055,7758.706,0.393751245179514,3055,2918,137,137,0,95.52,4.48,4.48,0,137,0,92,36,9,0,67.15,26.28,6.57,137,9,0,0,0,0,0,0,0,0,0,0,0,0,0,9,9,0,0,0,0,0,0,0,0,0,0,0,0,0,0,0,0,82,0,0,0,0,0,0,0,0,73,0,0,0,0,73,0,0,0,0,0,0,0,0,0,9,0,0,0,0,0,0,9,0,46,0,0,0,0,0,46,0,46,0,0,0,0,0,0,0,0,0,0,0,0,0,0,0,0,0,0,0,0,0,0,0,0,0,0,0,0,0,0,0,0,0,0,0,0,0,0,0,0,0,0,0,0,0,0,0,0,6.57,0,0,0,0,0,0,0,0,0,0,0,0,0,6.57,6.57,0,0,0,0,0,0,0,0,0,0,0,0,0,0,0,0,59.85,0,0,0,0,0,0,0,0,53.28,0,0,0,0,53.28,0,0,0,0,0,0,0,0,0,6.57,0,0,0,0,0,0,6.57,0,33.58,0,0,0,0,0,33.58,0,33.58,0,0,0,0,0,0,0,0,0,0,0,0,0,0,0,0,0,0,0,0,0,0,0,0,0,0,0,0,0,0,0,0,0,0,0,0,0,0,0,0,0,0,0,0,0,0,0,0
"36029003400","14000US36029003400","Census Tract 34, Erie County, New York","Census Tract 34, Erie County, New York","ny","140","00","ACSSF","0011019",,,,,"36","029",,,,"003400",,,,,,,,,,,,,,,,,,,,,,,,,,,,,,,,,,,,,3065,3065,5347.769,0.573136246191102,3065,3019,46,0,46,98.5,1.5,0,1.5,46,34,0,0,12,73.91,0,0,26.09,46,12,12,12,0,12,0,0,0,0,0,0,0,0,0,0,0,0,0,0,0,0,0,0,0,0,0,0,0,0,0,0,0,0,0,0,0,0,0,0,0,0,0,0,0,0,0,0,0,0,0,0,0,0,0,0,0,0,0,0,0,0,0,0,0,0,34,0,0,0,0,34,0,0,0,0,0,0,0,0,0,0,0,0,0,0,0,0,0,0,0,0,0,0,0,0,0,0,0,0,0,0,0,0,0,0,0,0,0,0,0,0,0,0,0,0,0,0,0,0,0,0,0,26.09,26.09,26.09,0,26.09,0,0,0,0,0,0,0,0,0,0,0,0,0,0,0,0,0,0,0,0,0,0,0,0,0,0,0,0,0,0,0,0,0,0,0,0,0,0,0,0,0,0,0,0,0,0,0,0,0,0,0,0,0,0,0,0,0,0,0,0,73.91,0,0,0,0,73.91,0,0,0,0,0,0,0,0,0,0,0,0,0,0,0,0,0,0,0,0,0,0,0,0,0,0,0,0,0,0,0,0,0,0,0,0,0,0,0,0,0,0,0,0,0,0,0,0,0,0,0
"36029003500","14000US36029003500","Census Tract 35, Erie County, New York","Census Tract 35, Erie County, New York","ny","140","00","ACSSF","0011020",,,,,"36","029",,,,"003500",,,,,,,,,,,,,,,,,,,,,,,,,,,,,,,,,,,,,3320,3320,5587.743,0.594157579108475,3320,3214,106,81,25,96.81,3.19,2.44,0.75,106,37,0,20,49,34.91,0,18.87,46.23,106,0,0,0,0,0,0,0,0,0,0,0,0,0,0,0,0,0,0,0,0,0,0,0,0,0,0,0,0,0,0,0,0,0,0,0,0,0,0,0,0,0,0,0,0,0,0,0,0,0,0,0,0,0,0,0,0,0,0,0,0,0,0,0,0,0,37,37,0,0,37,0,0,0,0,0,0,0,0,0,0,0,0,0,0,0,0,0,0,69,69,69,0,0,0,37,32,0,0,0,0,0,0,0,0,0,0,0,0,0,0,0,0,0,0,0,0,0,0,0,0,0,0,0,0,0,0,0,0,0,0,0,0,0,0,0,0,0,0,0,0,0,0,0,0,0,0,0,0,0,0,0,0,0,0,0,0,0,0,0,0,0,0,0,0,0,0,0,0,0,0,0,0,0,0,0,0,0,0,0,0,0,0,0,0,0,0,0,34.91,34.91,0,0,34.91,0,0,0,0,0,0,0,0,0,0,0,0,0,0,0,0,0,0,65.09,65.09,65.09,0,0,0,34.91,30.19,0,0,0,0,0,0,0,0,0,0,0,0,0,0,0,0,0,0,0,0,0,0,0,0,0,0
"36029003600","14000US36029003600","Census Tract 36, Erie County, New York","Census Tract 36, Erie County, New York","ny","140","00","ACSSF","0011021",,,,,"36","029",,,,"003600",,,,,,,,,,,,,,,,,,,,,,,,,,,,,,,,,,,,,2441,2441,5022.455,0.486017309732709,2441,2381,60,22,38,97.54,2.46,0.9,1.56,60,28,0,10,22,46.67,0,16.67,36.67,60,0,0,0,0,0,0,0,0,0,0,0,0,0,0,0,0,0,0,0,0,0,0,0,0,0,0,0,0,0,0,0,0,0,0,0,0,0,0,0,0,0,0,0,0,0,0,0,0,0,0,0,0,0,0,0,0,0,0,0,0,0,0,0,0,0,0,0,0,0,0,0,0,0,0,0,0,0,0,0,0,0,0,0,0,0,0,0,0,60,60,60,0,0,0,50,10,0,0,0,0,0,0,0,0,0,0,0,0,0,0,0,0,0,0,0,0,0,0,0,0,0,0,0,0,0,0,0,0,0,0,0,0,0,0,0,0,0,0,0,0,0,0,0,0,0,0,0,0,0,0,0,0,0,0,0,0,0,0,0,0,0,0,0,0,0,0,0,0,0,0,0,0,0,0,0,0,0,0,0,0,0,0,0,0,0,0,0,0,0,0,0,0,0,0,0,0,0,0,0,0,0,0,0,0,0,0,0,0,0,0,100,100,100,0,0,0,83.33,16.67,0,0,0,0,0,0,0,0,0,0,0,0,0,0,0,0,0,0,0,0,0,0,0,0,0,0
"36029003700","14000US36029003700","Census Tract 37, Erie County, New York","Census Tract 37, Erie County, New York","ny","140","00","ACSSF","0011022",,,,,"36","029",,,,"003700",,,,,,,,,,,,,,,,,,,,,,,,,,,,,,,,,,,,,4412,4412,10409.77,0.423832465633045,4412,4333,79,56,23,98.21,1.79,1.27,0.52,79,23,0,47,9,29.11,0,59.49,11.39,79,0,0,0,0,0,0,0,0,0,0,0,0,0,0,0,0,0,0,0,0,0,0,0,0,0,0,0,0,0,0,0,0,0,0,0,0,0,0,0,0,0,0,0,0,0,0,0,0,0,0,0,0,0,0,0,0,0,0,0,0,0,0,0,0,0,0,0,0,0,0,0,0,0,0,0,0,0,0,0,0,0,0,0,0,0,0,0,0,79,56,24,0,0,0,0,0,24,0,32,9,0,0,0,23,0,0,0,0,0,0,0,0,0,0,0,0,0,0,0,23,23,0,0,0,0,0,0,0,0,0,0,0,0,0,0,0,0,0,0,0,0,0,0,0,0,0,0,0,0,0,0,0,0,0,0,0,0,0,0,0,0,0,0,0,0,0,0,0,0,0,0,0,0,0,0,0,0,0,0,0,0,0,0,0,0,0,0,0,0,0,0,0,0,0,0,0,0,0,0,0,0,0,0,0,0,0,0,0,0,0,100,70.89,30.38,0,0,0,0,0,30.38,0,40.51,11.39,0,0,0,29.11,0,0,0,0,0,0,0,0,0,0,0,0,0,0,0,29.11,29.11,0
"36029003800","14000US36029003800","Census Tract 38, Erie County, New York","Census Tract 38, Erie County, New York","ny","140","00","ACSSF","0011023",,,,,"36","029",,,,"003800",,,,,,,,,,,,,,,,,,,,,,,,,,,,,,,,,,,,,3091,3091,12907.74,0.239468677074952,3091,3091,0,0,0,100,0,0,0,0,0,0,0,0,,,,,0,0,0,0,0,0,0,0,0,0,0,0,0,0,0,0,0,0,0,0,0,0,0,0,0,0,0,0,0,0,0,0,0,0,0,0,0,0,0,0,0,0,0,0,0,0,0,0,0,0,0,0,0,0,0,0,0,0,0,0,0,0,0,0,0,0,0,0,0,0,0,0,0,0,0,0,0,0,0,0,0,0,0,0,0,0,0,0,0,0,0,0,0,0,0,0,0,0,0,0,0,0,0,0,0,0,0,0,0,0,0,0,0,0,0,0,0,0,0,0,0,0,0,,,,,,,,,,,,,,,,,,,,,,,,,,,,,,,,,,,,,,,,,,,,,,,,,,,,,,,,,,,,,,,,,,,,,,,,,,,,,,,,,,,,,,,,,,,,,,,,,,,,,,,,,,,,,,,,,,,,,,,,,,
"36029003901","14000US36029003901","Census Tract 39.01, Erie County, New York","Census Tract 39.01, Erie County, New York","ny","140","00","ACSSF","0011024",,,,,"36","029",,,,"003901",,,,,,,,,,,,,,,,,,,,,,,,,,,,,,,,,,,,,873,873,4310.228,0.202541478956659,873,873,0,0,0,100,0,0,0,0,0,0,0,0,,,,,0,0,0,0,0,0,0,0,0,0,0,0,0,0,0,0,0,0,0,0,0,0,0,0,0,0,0,0,0,0,0,0,0,0,0,0,0,0,0,0,0,0,0,0,0,0,0,0,0,0,0,0,0,0,0,0,0,0,0,0,0,0,0,0,0,0,0,0,0,0,0,0,0,0,0,0,0,0,0,0,0,0,0,0,0,0,0,0,0,0,0,0,0,0,0,0,0,0,0,0,0,0,0,0,0,0,0,0,0,0,0,0,0,0,0,0,0,0,0,0,0,0,0,,,,,,,,,,,,,,,,,,,,,,,,,,,,,,,,,,,,,,,,,,,,,,,,,,,,,,,,,,,,,,,,,,,,,,,,,,,,,,,,,,,,,,,,,,,,,,,,,,,,,,,,,,,,,,,,,,,,,,,,,,
"36029004001","14000US36029004001","Census Tract 40.01, Erie County, New York","Census Tract 40.01, Erie County, New York","ny","140","00","ACSSF","0011025",,,,,"36","029",,,,"004001",,,,,,,,,,,,,,,,,,,,,,,,,,,,,,,,,,,,,4134,4134,6958.478,0.594095416658301,4134,3954,180,60,120,95.65,4.35,1.45,2.9,180,45,0,82,53,25,0,45.56,29.44,180,0,0,0,0,0,0,0,0,0,0,0,0,0,0,0,0,0,0,0,0,0,0,0,0,0,0,0,0,0,0,0,0,0,0,0,0,0,0,0,0,0,0,0,0,0,0,0,0,0,0,0,0,0,0,0,0,0,0,0,0,0,0,0,0,0,45,0,0,0,0,31,0,0,0,0,0,0,14,14,0,0,0,0,0,0,0,0,0,135,135,135,0,0,0,122,13,0,0,0,0,0,0,0,0,0,0,0,0,0,0,0,0,0,0,0,0,0,0,0,0,0,0,0,0,0,0,0,0,0,0,0,0,0,0,0,0,0,0,0,0,0,0,0,0,0,0,0,0,0,0,0,0,0,0,0,0,0,0,0,0,0,0,0,0,0,0,0,0,0,0,0,0,0,0,0,0,0,0,0,0,0,0,0,0,0,0,0,25,0,0,0,0,17.22,0,0,0,0,0,0,7.78,7.78,0,0,0,0,0,0,0,0,0,75,75,75,0,0,0,67.78,7.22,0,0,0,0,0,0,0,0,0,0,0,0,0,0,0,0,0,0,0,0,0,0,0,0,0,0
"36029004100","14000US36029004100","Census Tract 41, Erie County, New York","Census Tract 41, Erie County, New York","ny","140","00","ACSSF","0011026",,,,,"36","029",,,,"004100",,,,,,,,,,,,,,,,,,,,,,,,,,,,,,,,,,,,,4726,4726,11275.65,0.419133216061233,4726,4586,140,140,0,97.04,2.96,2.96,0,140,0,83,0,57,0,59.29,0,40.71,140,37,0,0,0,0,0,0,0,24,0,0,24,0,0,0,0,0,0,0,0,13,0,0,13,0,0,0,0,0,0,0,0,0,0,0,0,0,0,0,0,0,0,0,0,0,0,0,0,0,0,0,0,0,0,0,0,0,0,0,0,0,0,0,0,0,0,0,0,0,0,0,0,0,0,0,0,0,0,0,0,0,0,0,0,0,0,0,0,103,103,103,0,0,0,0,83,20,0,0,0,0,0,0,0,0,0,0,0,0,0,0,0,0,0,0,0,0,0,0,0,0,0,26.43,0,0,0,0,0,0,0,17.14,0,0,17.14,0,0,0,0,0,0,0,0,9.29,0,0,9.29,0,0,0,0,0,0,0,0,0,0,0,0,0,0,0,0,0,0,0,0,0,0,0,0,0,0,0,0,0,0,0,0,0,0,0,0,0,0,0,0,0,0,0,0,0,0,0,0,0,0,0,0,0,0,0,0,0,0,0,0,0,0,0,0,73.57,73.57,73.57,0,0,0,0,59.29,14.29,0,0,0,0,0,0,0,0,0,0,0,0,0,0,0,0,0,0,0,0,0,0,0,0,0
"36029004200","14000US36029004200","Census Tract 42, Erie County, New York","Census Tract 42, Erie County, New York","ny","140","00","ACSSF","0011027",,,,,"36","029",,,,"004200",,,,,,,,,,,,,,,,,,,,,,,,,,,,,,,,,,,,,3539,3539,9466.608,0.373840342117415,3539,3397,142,99,43,95.99,4.01,2.8,1.22,142,0,39,13,90,0,27.46,9.15,63.38,142,0,0,0,0,0,0,0,0,0,0,0,0,0,0,0,0,0,0,0,0,0,0,0,0,0,0,0,0,0,0,0,0,39,0,0,0,0,0,0,0,0,0,0,0,0,0,0,0,39,0,0,0,0,0,39,0,0,0,0,0,0,0,0,0,0,13,0,0,0,0,13,0,0,0,0,0,0,0,0,0,0,0,0,0,0,0,0,0,90,90,90,0,0,0,44,0,46,0,0,0,0,0,0,0,0,0,0,0,0,0,0,0,0,0,0,0,0,0,0,0,0,0,0,0,0,0,0,0,0,0,0,0,0,0,0,0,0,0,0,0,0,0,0,0,0,0,0,0,0,0,0,0,0,0,27.46,0,0,0,0,0,0,0,0,0,0,0,0,0,0,0,27.46,0,0,0,0,0,27.46,0,0,0,0,0,0,0,0,0,0,9.15,0,0,0,0,9.15,0,0,0,0,0,0,0,0,0,0,0,0,0,0,0,0,0,63.38,63.38,63.38,0,0,0,30.99,0,32.39,0,0,0,0,0,0,0,0,0,0,0,0,0,0,0,0,0,0,0,0,0,0,0,0,0
"36029004300","14000US36029004300","Census Tract 43, Erie County, New York","Census Tract 43, Erie County, New York","ny","140","00","ACSSF","0011028",,,,,"36","029",,,,"004300",,,,,,,,,,,,,,,,,,,,,,,,,,,,,,,,,,,,,5649,5649,12202.29,0.462945774266136,5649,5446,203,129,74,96.41,3.59,2.28,1.31,203,88,46,58,11,43.35,22.66,28.57,5.42,203,0,0,0,0,0,0,0,0,0,0,0,0,0,0,0,0,0,0,0,0,0,0,0,0,0,0,0,0,0,0,0,0,59,0,0,0,0,0,0,0,0,59,0,0,0,0,0,59,0,0,0,0,0,0,0,0,0,0,0,0,0,0,0,0,0,35,0,0,0,0,0,0,0,0,0,0,0,17,17,0,0,0,18,0,0,0,0,0,109,109,98,0,0,0,31,67,0,0,0,0,0,0,0,0,0,0,0,11,0,0,0,0,0,11,0,0,0,0,0,0,0,0,0,0,0,0,0,0,0,0,0,0,0,0,0,0,0,0,0,0,0,0,0,0,0,0,0,0,0,0,0,0,0,0,29.06,0,0,0,0,0,0,0,0,29.06,0,0,0,0,0,29.06,0,0,0,0,0,0,0,0,0,0,0,0,0,0,0,0,0,17.24,0,0,0,0,0,0,0,0,0,0,0,8.37,8.37,0,0,0,8.87,0,0,0,0,0,53.69,53.69,48.28,0,0,0,15.27,33,0,0,0,0,0,0,0,0,0,0,0,5.42,0,0,0,0,0,5.42,0,0,0,0,0,0,0,0
"36029004401","14000US36029004401","Census Tract 44.01, Erie County, New York","Census Tract 44.01, Erie County, New York","ny","140","00","ACSSF","0011029",,,,,"36","029",,,,"004401",,,,,,,,,,,,,,,,,,,,,,,,,,,,,,,,,,,,,3924,3924,10176.94,0.38557746213496,3924,3836,88,0,88,97.76,2.24,0,2.24,88,32,49,7,0,36.36,55.68,7.95,0,88,0,0,0,0,0,0,0,0,0,0,0,0,0,0,0,0,0,0,0,0,0,0,0,0,0,0,0,0,0,0,0,0,67,51,51,51,0,0,0,0,0,0,0,0,0,0,0,0,16,0,0,0,0,0,16,0,0,0,0,0,0,0,0,0,0,0,0,0,0,0,0,0,0,0,0,0,0,0,0,0,0,0,0,0,0,0,0,0,21,14,14,0,14,0,0,0,0,0,0,0,0,0,0,0,0,0,0,0,0,0,0,0,0,0,0,0,0,0,0,7,7,0,0,0,0,0,0,0,0,0,0,0,0,0,0,0,0,0,0,0,0,0,0,0,0,0,0,0,0,0,0,0,0,0,76.14,57.95,57.95,57.95,0,0,0,0,0,0,0,0,0,0,0,0,18.18,0,0,0,0,0,18.18,0,0,0,0,0,0,0,0,0,0,0,0,0,0,0,0,0,0,0,0,0,0,0,0,0,0,0,0,0,0,0,0,0,23.86,15.91,15.91,0,15.91,0,0,0,0,0,0,0,0,0,0,0,0,0,0,0,0,0,0,0,0,0,0,0,0,0,0,7.95,7.95,0
"36029004402","14000US36029004402","Census Tract 44.02, Erie County, New York","Census Tract 44.02, Erie County, New York","ny","140","00","ACSSF","0011030",,,,,"36","029",,,,"004402",,,,,,,,,,,,,,,,,,,,,,,,,,,,,,,,,,,,,2915,2915,12823.05,0.227324991467142,2915,2837,78,45,33,97.32,2.68,1.54,1.13,78,0,0,33,45,0,0,42.31,57.69,78,20,0,0,0,0,0,0,0,20,0,20,0,0,0,0,0,0,0,0,0,0,0,0,0,0,0,0,0,0,0,0,0,0,0,0,0,0,0,0,0,0,0,0,0,0,0,0,0,0,0,0,0,0,0,0,0,0,0,0,0,0,0,0,0,0,12,0,0,0,0,0,0,0,0,0,0,0,12,0,0,12,0,0,0,0,0,0,0,46,24,24,0,0,0,13,11,0,0,0,0,0,0,0,0,0,0,0,0,0,0,0,0,0,0,0,0,0,0,0,22,22,0,25.64,0,0,0,0,0,0,0,25.64,0,25.64,0,0,0,0,0,0,0,0,0,0,0,0,0,0,0,0,0,0,0,0,0,0,0,0,0,0,0,0,0,0,0,0,0,0,0,0,0,0,0,0,0,0,0,0,0,0,0,0,0,0,0,0,0,0,15.38,0,0,0,0,0,0,0,0,0,0,0,15.38,0,0,15.38,0,0,0,0,0,0,0,58.97,30.77,30.77,0,0,0,16.67,14.1,0,0,0,0,0,0,0,0,0,0,0,0,0,0,0,0,0,0,0,0,0,0,0,28.21,28.21,0
"36029004500","14000US36029004500","Census Tract 45, Erie County, New York","Census Tract 45, Erie County, New York","ny","140","00","ACSSF","0011031",,,,,"36","029",,,,"004500",,,,,,,,,,,,,,,,,,,,,,,,,,,,,,,,,,,,,5587,5587,7154.086,0.78095226696031,5587,5254,333,141,192,94.04,5.96,2.52,3.44,333,168,68,33,64,50.45,20.42,9.91,19.22,333,57,5,5,0,5,0,0,0,11,11,0,0,0,0,35,0,11,24,0,0,6,0,0,0,0,0,0,0,0,0,6,0,183,67,0,0,0,0,0,67,0,116,0,0,100,0,16,0,0,0,0,0,0,0,0,0,0,0,0,0,0,0,0,0,0,35,0,0,0,0,0,21,0,21,0,0,0,14,0,0,0,14,0,0,0,0,0,0,58,24,0,0,0,0,0,0,0,0,0,0,0,0,0,0,0,0,0,24,0,0,0,0,24,0,0,0,0,0,0,34,34,0,17.12,1.5,1.5,0,1.5,0,0,0,3.3,3.3,0,0,0,0,10.51,0,3.3,7.21,0,0,1.8,0,0,0,0,0,0,0,0,0,1.8,0,54.95,20.12,0,0,0,0,0,20.12,0,34.83,0,0,30.03,0,4.8,0,0,0,0,0,0,0,0,0,0,0,0,0,0,0,0,0,0,10.51,0,0,0,0,0,6.31,0,6.31,0,0,0,4.2,0,0,0,4.2,0,0,0,0,0,0,17.42,7.21,0,0,0,0,0,0,0,0,0,0,0,0,0,0,0,0,0,7.21,0,0,0,0,7.21,0,0,0,0,0,0,10.21,10.21,0
"36029004601","14000US36029004601","Census Tract 46.01, Erie County, New York","Census Tract 46.01, Erie County, New York","ny","140","00","ACSSF","0011032",,,,,"36","029",,,,"004601",,,,,,,,,,,,,,,,,,,,,,,,,,,,,,,,,,,,,3484,3484,10998.17,0.316779846084229,3484,2325,1159,337,822,66.73,33.27,9.67,23.59,1159,787,93,129,150,67.9,8.02,11.13,12.94,1159,174,21,21,0,21,0,0,0,20,10,0,0,0,10,25,0,25,0,0,0,108,0,0,15,22,0,0,0,0,0,71,0,900,123,65,65,0,0,58,0,0,695,0,0,636,0,59,0,60,0,0,60,0,0,0,0,22,0,0,22,0,0,0,0,0,45,45,0,0,45,0,0,0,0,0,0,0,0,0,0,0,0,0,0,0,0,0,0,40,40,0,0,0,0,0,0,0,0,0,0,0,0,0,0,0,0,0,40,0,0,0,40,0,0,0,0,0,0,0,0,0,0,15.01,1.81,1.81,0,1.81,0,0,0,1.73,0.86,0,0,0,0.86,2.16,0,2.16,0,0,0,9.32,0,0,1.29,1.9,0,0,0,0,0,6.13,0,77.65,10.61,5.61,5.61,0,0,5,0,0,59.97,0,0,54.87,0,5.09,0,5.18,0,0,5.18,0,0,0,0,1.9,0,0,1.9,0,0,0,0,0,3.88,3.88,0,0,3.88,0,0,0,0,0,0,0,0,0,0,0,0,0,0,0,0,0,0,3.45,3.45,0,0,0,0,0,0,0,0,0,0,0,0,0,0,0,0,0,3.45,0,0,0,3.45,0,0,0,0,0,0,0,0,0,0
"36029004602","14000US36029004602","Census Tract 46.02, Erie County, New York","Census Tract 46.02, Erie County, New York","ny","140","00","ACSSF","0011033",,,,,"36","029",,,,"004602",,,,,,,,,,,,,,,,,,,,,,,,,,,,,,,,,,,,,1212,1212,2587.514,0.46840332850963,1212,998,214,40,174,82.34,17.66,3.3,14.36,214,106,108,0,0,49.53,50.47,0,0,214,13,0,0,0,0,0,0,0,0,0,0,0,0,0,0,0,0,0,0,0,13,0,0,0,0,0,13,0,0,0,0,0,153,92,56,42,14,0,10,26,0,43,0,0,42,0,0,1,16,0,0,0,0,0,13,3,2,0,0,0,0,0,0,2,0,20,14,0,0,14,0,0,0,0,0,0,0,6,0,0,0,6,0,0,0,0,0,0,28,28,0,0,0,0,0,0,0,0,14,14,0,0,0,0,0,0,0,14,0,0,0,0,0,0,14,0,0,0,0,0,0,0,6.07,0,0,0,0,0,0,0,0,0,0,0,0,0,0,0,0,0,0,0,6.07,0,0,0,0,0,6.07,0,0,0,0,0,71.5,42.99,26.17,19.63,6.54,0,4.67,12.15,0,20.09,0,0,19.63,0,0,0.47,7.48,0,0,0,0,0,6.07,1.4,0.93,0,0,0,0,0,0,0.93,0,9.35,6.54,0,0,6.54,0,0,0,0,0,0,0,2.8,0,0,0,2.8,0,0,0,0,0,0,13.08,13.08,0,0,0,0,0,0,0,0,6.54,6.54,0,0,0,0,0,0,0,6.54,0,0,0,0,0,0,6.54,0,0,0,0,0,0,0
"36029004700","14000US36029004700","Census Tract 47, Erie County, New York","Census Tract 47, Erie County, New York","ny","140","00","ACSSF","0011034",,,,,"36","029",,,,"004700",,,,,,,,,,,,,,,,,,,,,,,,,,,,,,,,,,,,,7462,7462,13049.5,0.571822726591783,7462,6542,920,445,475,87.67,12.33,5.96,6.37,920,298,335,197,90,32.39,36.41,21.41,9.78,920,236,14,14,0,14,0,0,0,31,0,0,21,0,10,69,0,69,0,0,0,122,0,0,0,28,0,0,94,0,0,0,0,394,76,76,76,0,0,0,0,0,252,0,167,85,0,0,0,60,0,0,0,0,0,60,0,6,0,6,0,0,0,0,0,0,143,71,33,38,0,0,0,0,0,0,0,0,0,0,0,0,0,72,0,0,0,0,0,147,132,74,0,0,0,0,74,0,0,0,0,0,0,0,0,0,0,0,58,0,0,0,0,0,0,44,0,0,0,14,15,15,0,25.65,1.52,1.52,0,1.52,0,0,0,3.37,0,0,2.28,0,1.09,7.5,0,7.5,0,0,0,13.26,0,0,0,3.04,0,0,10.22,0,0,0,0,42.83,8.26,8.26,8.26,0,0,0,0,0,27.39,0,18.15,9.24,0,0,0,6.52,0,0,0,0,0,6.52,0,0.65,0,0.65,0,0,0,0,0,0,15.54,7.72,3.59,4.13,0,0,0,0,0,0,0,0,0,0,0,0,0,7.83,0,0,0,0,0,15.98,14.35,8.04,0,0,0,0,8.04,0,0,0,0,0,0,0,0,0,0,0,6.3,0,0,0,0,0,0,4.78,0,0,0,1.52,1.63,1.63,0
"36029004800","14000US36029004800","Census Tract 48, Erie County, New York","Census Tract 48, Erie County, New York","ny","140","00","ACSSF","0011035",,,,,"36","029",,,,"004800",,,,,,,,,,,,,,,,,,,,,,,,,,,,,,,,,,,,,4044,4044,10602.91,0.381404855929834,4044,3959,85,47,38,97.9,2.1,1.16,0.94,85,14,7,9,55,16.47,8.24,10.59,64.71,85,44,16,0,0,0,0,16,0,0,0,0,0,0,0,0,0,0,0,0,0,28,0,0,19,9,0,0,0,0,0,0,0,0,0,0,0,0,0,0,0,0,0,0,0,0,0,0,0,0,0,0,0,0,0,0,0,0,0,0,0,0,0,0,0,0,0,0,0,0,0,0,0,0,0,0,0,0,0,0,0,0,0,0,0,0,0,0,0,41,23,14,0,0,0,0,0,14,0,0,0,0,0,0,0,0,0,0,9,0,0,9,0,0,0,0,0,0,0,0,18,18,0,51.76,18.82,0,0,0,0,18.82,0,0,0,0,0,0,0,0,0,0,0,0,0,32.94,0,0,22.35,10.59,0,0,0,0,0,0,0,0,0,0,0,0,0,0,0,0,0,0,0,0,0,0,0,0,0,0,0,0,0,0,0,0,0,0,0,0,0,0,0,0,0,0,0,0,0,0,0,0,0,0,0,0,0,0,0,0,0,0,0,0,0,0,0,48.24,27.06,16.47,0,0,0,0,0,16.47,0,0,0,0,0,0,0,0,0,0,10.59,0,0,10.59,0,0,0,0,0,0,0,0,21.18,21.18,0
"36029004900","14000US36029004900","Census Tract 49, Erie County, New York","Census Tract 49, Erie County, New York","ny","140","00","ACSSF","0011036",,,,,"36","029",,,,"004900",,,,,,,,,,,,,,,,,,,,,,,,,,,,,,,,,,,,,6084,6084,14049.05,0.433054129980525,6084,5604,480,359,121,92.11,7.89,5.9,1.99,480,13,44,89,334,2.71,9.17,18.54,69.58,480,331,13,0,0,0,0,0,13,46,15,0,31,0,0,233,0,233,0,0,0,39,0,0,0,0,0,0,0,0,26,13,0,0,0,0,0,0,0,0,0,0,0,0,0,0,0,0,0,0,0,0,0,0,0,0,0,0,0,0,0,0,0,0,0,0,25,9,0,0,9,0,16,16,0,0,0,0,0,0,0,0,0,0,0,0,0,0,0,124,89,89,0,39,0,0,50,0,0,0,0,0,0,0,0,0,0,0,0,0,0,0,0,0,0,0,0,0,0,0,35,35,0,68.96,2.71,0,0,0,0,0,2.71,9.58,3.12,0,6.46,0,0,48.54,0,48.54,0,0,0,8.12,0,0,0,0,0,0,0,0,5.42,2.71,0,0,0,0,0,0,0,0,0,0,0,0,0,0,0,0,0,0,0,0,0,0,0,0,0,0,0,0,0,0,0,0,0,0,5.21,1.88,0,0,1.88,0,3.33,3.33,0,0,0,0,0,0,0,0,0,0,0,0,0,0,0,25.83,18.54,18.54,0,8.12,0,0,10.42,0,0,0,0,0,0,0,0,0,0,0,0,0,0,0,0,0,0,0,0,0,0,0,7.29,7.29,0
"36029005000","14000US36029005000","Census Tract 50, Erie County, New York","Census Tract 50, Erie County, New York","ny","140","00","ACSSF","0011037",,,,,"36","029",,,,"005000",,,,,,,,,,,,,,,,,,,,,,,,,,,,,,,,,,,,,2552,2552,5099.192,0.500471430755664,2552,2479,73,39,34,97.14,2.86,1.53,1.33,73,27,0,0,46,36.99,0,0,63.01,73,51,15,15,0,15,0,0,0,0,0,0,0,0,0,36,0,36,0,0,0,0,0,0,0,0,0,0,0,0,0,0,0,0,0,0,0,0,0,0,0,0,0,0,0,0,0,0,0,0,0,0,0,0,0,0,0,0,0,0,0,0,0,0,0,0,0,0,0,0,0,0,0,0,0,0,0,0,0,0,0,0,0,0,0,0,0,0,0,22,0,0,0,0,0,0,0,0,0,0,0,0,0,0,0,0,0,0,0,0,0,0,0,0,0,0,0,0,0,0,22,22,0,69.86,20.55,20.55,0,20.55,0,0,0,0,0,0,0,0,0,49.32,0,49.32,0,0,0,0,0,0,0,0,0,0,0,0,0,0,0,0,0,0,0,0,0,0,0,0,0,0,0,0,0,0,0,0,0,0,0,0,0,0,0,0,0,0,0,0,0,0,0,0,0,0,0,0,0,0,0,0,0,0,0,0,0,0,0,0,0,0,0,0,0,0,0,30.14,0,0,0,0,0,0,0,0,0,0,0,0,0,0,0,0,0,0,0,0,0,0,0,0,0,0,0,0,0,0,30.14,30.14,0
"36029005100","14000US36029005100","Census Tract 51, Erie County, New York","Census Tract 51, Erie County, New York","ny","140","00","ACSSF","0011038",,,,,"36","029",,,,"005100",,,,,,,,,,,,,,,,,,,,,,,,,,,,,,,,,,,,,3996,3996,8891.814,0.449402082171809,3996,3653,343,269,74,91.42,8.58,6.73,1.85,343,56,12,42,233,16.33,3.5,12.24,67.93,343,156,0,0,0,0,0,0,0,0,0,0,0,0,0,103,0,103,0,0,0,53,38,0,0,15,0,0,0,0,0,0,0,16,0,0,0,0,0,0,0,0,0,0,0,0,0,0,0,0,0,0,0,0,0,0,0,16,0,0,0,0,0,0,16,0,0,0,0,0,0,0,0,0,0,0,0,0,0,0,0,0,0,0,0,0,0,0,0,171,98,54,0,0,0,0,54,0,0,0,0,0,0,0,0,0,0,0,44,0,0,18,0,0,0,26,0,0,0,0,73,73,0,45.48,0,0,0,0,0,0,0,0,0,0,0,0,0,30.03,0,30.03,0,0,0,15.45,11.08,0,0,4.37,0,0,0,0,0,0,0,4.66,0,0,0,0,0,0,0,0,0,0,0,0,0,0,0,0,0,0,0,0,0,0,0,4.66,0,0,0,0,0,0,4.66,0,0,0,0,0,0,0,0,0,0,0,0,0,0,0,0,0,0,0,0,0,0,0,0,49.85,28.57,15.74,0,0,0,0,15.74,0,0,0,0,0,0,0,0,0,0,0,12.83,0,0,5.25,0,0,0,7.58,0,0,0,0,21.28,21.28,0
"36029005201","14000US36029005201","Census Tract 52.01, Erie County, New York","Census Tract 52.01, Erie County, New York","ny","140","00","ACSSF","0011039",,,,,"36","029",,,,"005201",,,,,,,,,,,,,,,,,,,,,,,,,,,,,,,,,,,,,3138,3138,7754.573,0.404664423155629,3138,2923,215,146,69,93.15,6.85,4.65,2.2,215,59,32,45,79,27.44,14.88,20.93,36.74,215,45,0,0,0,0,0,0,0,0,0,0,0,0,0,15,0,15,0,0,0,30,0,0,30,0,0,0,0,0,0,0,0,116,106,65,65,0,0,0,41,0,0,0,0,0,0,0,0,10,0,0,0,0,0,10,0,0,0,0,0,0,0,0,0,0,12,12,0,0,12,0,0,0,0,0,0,0,0,0,0,0,0,0,0,0,0,0,0,42,31,15,0,10,5,0,0,0,0,0,0,0,0,0,0,0,0,0,16,0,0,0,0,16,0,0,0,0,0,0,11,11,0,20.93,0,0,0,0,0,0,0,0,0,0,0,0,0,6.98,0,6.98,0,0,0,13.95,0,0,13.95,0,0,0,0,0,0,0,0,53.95,49.3,30.23,30.23,0,0,0,19.07,0,0,0,0,0,0,0,0,4.65,0,0,0,0,0,4.65,0,0,0,0,0,0,0,0,0,0,5.58,5.58,0,0,5.58,0,0,0,0,0,0,0,0,0,0,0,0,0,0,0,0,0,0,19.53,14.42,6.98,0,4.65,2.33,0,0,0,0,0,0,0,0,0,0,0,0,0,7.44,0,0,0,0,7.44,0,0,0,0,0,0,5.12,5.12,0
"36029005202","14000US36029005202","Census Tract 52.02, Erie County, New York","Census Tract 52.02, Erie County, New York","ny","140","00","ACSSF","0011040",,,,,"36","029",,,,"005202",,,,,,,,,,,,,,,,,,,,,,,,,,,,,,,,,,,,,2968,2968,13282.72,0.22344813952806,2968,2791,177,50,127,94.04,5.96,1.68,4.28,177,127,50,0,0,71.75,28.25,0,0,177,0,0,0,0,0,0,0,0,0,0,0,0,0,0,0,0,0,0,0,0,0,0,0,0,0,0,0,0,0,0,0,0,0,0,0,0,0,0,0,0,0,0,0,0,0,0,0,0,0,0,0,0,0,0,0,0,0,0,0,0,0,0,0,0,0,0,0,0,0,0,0,0,0,0,0,0,0,0,0,0,0,0,0,0,0,0,0,0,177,151,0,0,0,0,0,0,0,0,0,0,0,0,0,0,0,0,0,151,0,0,0,0,11,0,140,0,0,0,0,26,26,0,0,0,0,0,0,0,0,0,0,0,0,0,0,0,0,0,0,0,0,0,0,0,0,0,0,0,0,0,0,0,0,0,0,0,0,0,0,0,0,0,0,0,0,0,0,0,0,0,0,0,0,0,0,0,0,0,0,0,0,0,0,0,0,0,0,0,0,0,0,0,0,0,0,0,0,0,0,0,0,0,0,0,0,0,0,0,0,0,100,85.31,0,0,0,0,0,0,0,0,0,0,0,0,0,0,0,0,0,85.31,0,0,0,0,6.21,0,79.1,0,0,0,0,14.69,14.69,0
"36029005300","14000US36029005300","Census Tract 53, Erie County, New York","Census Tract 53, Erie County, New York","ny","140","00","ACSSF","0011041",,,,,"36","029",,,,"005300",,,,,,,,,,,,,,,,,,,,,,,,,,,,,,,,,,,,,1292,1292,1446.735,0.893045450403631,1292,1124,168,38,130,87,13,2.94,10.06,168,130,6,7,25,77.38,3.57,4.17,14.88,168,87,26,20,0,20,0,6,0,21,0,21,0,0,0,20,0,0,0,20,0,20,0,0,0,0,0,20,0,0,0,0,0,46,20,0,0,0,0,20,0,0,26,0,0,26,0,0,0,0,0,0,0,0,0,0,0,0,0,0,0,0,0,0,0,0,29,0,0,0,0,0,0,0,0,0,0,0,29,9,0,20,0,0,0,0,0,0,0,6,0,0,0,0,0,0,0,0,0,0,0,0,0,0,0,0,0,0,0,0,0,0,0,0,0,0,0,0,0,0,6,6,0,51.79,15.48,11.9,0,11.9,0,3.57,0,12.5,0,12.5,0,0,0,11.9,0,0,0,11.9,0,11.9,0,0,0,0,0,11.9,0,0,0,0,0,27.38,11.9,0,0,0,0,11.9,0,0,15.48,0,0,15.48,0,0,0,0,0,0,0,0,0,0,0,0,0,0,0,0,0,0,0,0,17.26,0,0,0,0,0,0,0,0,0,0,0,17.26,5.36,0,11.9,0,0,0,0,0,0,0,3.57,0,0,0,0,0,0,0,0,0,0,0,0,0,0,0,0,0,0,0,0,0,0,0,0,0,0,0,0,0,0,3.57,3.57,0
"36029005400","14000US36029005400","Census Tract 54, Erie County, New York","Census Tract 54, Erie County, New York","ny","140","00","ACSSF","0011042",,,,,"36","029",,,,"005400",,,,,,,,,,,,,,,,,,,,,,,,,,,,,,,,,,,,,3885,3885,5513.59,0.704622569679859,3885,3524,361,218,143,90.71,9.29,5.61,3.68,361,133,108,33,87,36.84,29.92,9.14,24.1,361,42,0,0,0,0,0,0,0,14,0,14,0,0,0,0,0,0,0,0,0,28,12,0,0,0,0,0,0,8,0,8,0,16,7,7,0,7,0,0,0,0,0,0,0,0,0,0,0,9,0,0,0,0,0,0,9,0,0,0,0,0,0,0,0,0,43,12,0,12,0,0,31,0,31,0,0,0,0,0,0,0,0,0,0,0,0,0,0,260,159,30,0,0,0,0,30,0,0,15,15,0,0,0,0,0,0,0,114,0,0,0,18,0,0,96,0,0,0,0,101,101,0,11.63,0,0,0,0,0,0,0,3.88,0,3.88,0,0,0,0,0,0,0,0,0,7.76,3.32,0,0,0,0,0,0,2.22,0,2.22,0,4.43,1.94,1.94,0,1.94,0,0,0,0,0,0,0,0,0,0,0,2.49,0,0,0,0,0,0,2.49,0,0,0,0,0,0,0,0,0,11.91,3.32,0,3.32,0,0,8.59,0,8.59,0,0,0,0,0,0,0,0,0,0,0,0,0,0,72.02,44.04,8.31,0,0,0,0,8.31,0,0,4.16,4.16,0,0,0,0,0,0,0,31.58,0,0,0,4.99,0,0,26.59,0,0,0,0,27.98,27.98,0
"36029005500","14000US36029005500","Census Tract 55, Erie County, New York","Census Tract 55, Erie County, New York","ny","140","00","ACSSF","0011043",,,,,"36","029",,,,"005500",,,,,,,,,,,,,,,,,,,,,,,,,,,,,,,,,,,,,4110,4110,6859.14,0.599200459616029,4110,3627,483,203,280,88.25,11.75,4.94,6.81,483,158,289,0,36,32.71,59.83,0,7.45,483,236,9,9,0,9,0,0,0,0,0,0,0,0,0,0,0,0,0,0,0,227,9,0,0,0,0,0,18,59,0,141,0,208,14,0,0,0,0,0,14,0,118,0,0,0,26,13,79,76,0,0,0,0,0,76,0,0,0,0,0,0,0,0,0,0,0,0,0,0,0,0,0,0,0,0,0,0,0,0,0,0,0,0,0,0,0,0,0,39,31,31,0,31,0,0,0,0,0,0,0,0,0,0,0,0,0,0,0,0,0,0,0,0,0,0,0,0,0,0,8,8,0,48.86,1.86,1.86,0,1.86,0,0,0,0,0,0,0,0,0,0,0,0,0,0,0,47,1.86,0,0,0,0,0,3.73,12.22,0,29.19,0,43.06,2.9,0,0,0,0,0,2.9,0,24.43,0,0,0,5.38,2.69,16.36,15.73,0,0,0,0,0,15.73,0,0,0,0,0,0,0,0,0,0,0,0,0,0,0,0,0,0,0,0,0,0,0,0,0,0,0,0,0,0,0,0,0,8.07,6.42,6.42,0,6.42,0,0,0,0,0,0,0,0,0,0,0,0,0,0,0,0,0,0,0,0,0,0,0,0,0,0,1.66,1.66,0
"36029005600","14000US36029005600","Census Tract 56, Erie County, New York","Census Tract 56, Erie County, New York","ny","140","00","ACSSF","0011044",,,,,"36","029",,,,"005600",,,,,,,,,,,,,,,,,,,,,,,,,,,,,,,,,,,,,3575,3575,4211.158,0.848935207421811,3575,3160,415,368,47,88.39,11.61,10.29,1.31,415,15,279,14,107,3.61,67.23,3.37,25.78,415,213,0,0,0,0,0,0,0,9,9,0,0,0,0,44,8,36,0,0,0,160,0,0,0,31,12,0,0,49,68,0,0,4,0,0,0,0,0,0,0,0,0,0,0,0,0,0,0,0,0,0,0,0,0,0,0,4,2,0,0,0,0,0,2,0,90,81,38,0,43,9,0,0,0,0,0,0,0,0,0,0,0,0,0,0,0,0,0,108,88,19,0,0,9,0,0,10,0,0,0,0,0,0,0,0,0,0,69,0,0,0,0,0,30,0,0,0,0,39,20,20,0,51.33,0,0,0,0,0,0,0,2.17,2.17,0,0,0,0,10.6,1.93,8.67,0,0,0,38.55,0,0,0,7.47,2.89,0,0,11.81,16.39,0,0,0.96,0,0,0,0,0,0,0,0,0,0,0,0,0,0,0,0,0,0,0,0,0,0,0,0.96,0.48,0,0,0,0,0,0.48,0,21.69,19.52,9.16,0,10.36,2.17,0,0,0,0,0,0,0,0,0,0,0,0,0,0,0,0,0,26.02,21.2,4.58,0,0,2.17,0,0,2.41,0,0,0,0,0,0,0,0,0,0,16.63,0,0,0,0,0,7.23,0,0,0,0,9.4,4.82,4.82,0
"36029005700","14000US36029005700","Census Tract 57, Erie County, New York","Census Tract 57, Erie County, New York","ny","140","00","ACSSF","0011045",,,,,"36","029",,,,"005700",,,,,,,,,,,,,,,,,,,,,,,,,,,,,,,,,,,,,3137,3137,8491.231,0.369439935629045,3137,2939,198,63,135,93.69,6.31,2.01,4.3,198,13,33,14,138,6.57,16.67,7.07,69.7,198,21,12,0,0,0,0,12,0,9,9,0,0,0,0,0,0,0,0,0,0,0,0,0,0,0,0,0,0,0,0,0,0,0,0,0,0,0,0,0,0,0,0,0,0,0,0,0,0,0,0,0,0,0,0,0,0,0,0,0,0,0,0,0,0,0,13,0,0,0,0,0,0,0,0,0,0,0,13,0,13,0,0,0,0,0,0,0,0,164,164,54,0,0,0,0,42,12,0,110,0,0,33,77,0,0,0,0,0,0,0,0,0,0,0,0,0,0,0,0,0,0,0,10.61,6.06,0,0,0,0,6.06,0,4.55,4.55,0,0,0,0,0,0,0,0,0,0,0,0,0,0,0,0,0,0,0,0,0,0,0,0,0,0,0,0,0,0,0,0,0,0,0,0,0,0,0,0,0,0,0,0,0,0,0,0,0,0,0,0,0,0,0,6.57,0,0,0,0,0,0,0,0,0,0,0,6.57,0,6.57,0,0,0,0,0,0,0,0,82.83,82.83,27.27,0,0,0,0,21.21,6.06,0,55.56,0,0,16.67,38.89,0,0,0,0,0,0,0,0,0,0,0,0,0,0,0,0,0,0,0
"36029005801","14000US36029005801","Census Tract 58.01, Erie County, New York","Census Tract 58.01, Erie County, New York","ny","140","00","ACSSF","0011046",,,,,"36","029",,,,"005801",,,,,,,,,,,,,,,,,,,,,,,,,,,,,,,,,,,,,3277,3277,12277.93,0.266901622710221,3277,2958,319,134,185,90.27,9.73,4.09,5.65,319,117,161,0,41,36.68,50.47,0,12.85,319,277,0,0,0,0,0,0,0,0,0,0,0,0,0,0,0,0,0,0,0,277,91,0,13,0,0,31,0,0,0,142,0,30,30,30,30,0,0,0,0,0,0,0,0,0,0,0,0,0,0,0,0,0,0,0,0,0,0,0,0,0,0,0,0,0,0,0,0,0,0,0,0,0,0,0,0,0,0,0,0,0,0,0,0,0,0,0,0,12,0,0,0,0,0,0,0,0,0,0,0,0,0,0,0,0,0,0,0,0,0,0,0,0,0,0,0,0,0,0,12,12,0,86.83,0,0,0,0,0,0,0,0,0,0,0,0,0,0,0,0,0,0,0,86.83,28.53,0,4.08,0,0,9.72,0,0,0,44.51,0,9.4,9.4,9.4,9.4,0,0,0,0,0,0,0,0,0,0,0,0,0,0,0,0,0,0,0,0,0,0,0,0,0,0,0,0,0,0,0,0,0,0,0,0,0,0,0,0,0,0,0,0,0,0,0,0,0,0,0,0,3.76,0,0,0,0,0,0,0,0,0,0,0,0,0,0,0,0,0,0,0,0,0,0,0,0,0,0,0,0,0,0,3.76,3.76,0
"36029005802","14000US36029005802","Census Tract 58.02, Erie County, New York","Census Tract 58.02, Erie County, New York","ny","140","00","ACSSF","0011047",,,,,"36","029",,,,"005802",,,,,,,,,,,,,,,,,,,,,,,,,,,,,,,,,,,,,4022,4022,9898.291,0.406332770653764,4022,3804,218,26,192,94.58,5.42,0.65,4.77,218,192,0,12,14,88.07,0,5.5,6.42,218,0,0,0,0,0,0,0,0,0,0,0,0,0,0,0,0,0,0,0,0,0,0,0,0,0,0,0,0,0,0,0,0,192,0,0,0,0,0,0,0,0,0,0,0,0,0,0,0,0,0,0,0,0,0,0,0,192,192,0,0,0,0,0,0,0,0,0,0,0,0,0,0,0,0,0,0,0,0,0,0,0,0,0,0,0,0,0,0,26,26,12,0,0,12,0,0,0,0,14,14,0,0,0,0,0,0,0,0,0,0,0,0,0,0,0,0,0,0,0,0,0,0,0,0,0,0,0,0,0,0,0,0,0,0,0,0,0,0,0,0,0,0,0,0,0,0,0,0,0,0,0,0,0,0,88.07,0,0,0,0,0,0,0,0,0,0,0,0,0,0,0,0,0,0,0,0,0,0,0,88.07,88.07,0,0,0,0,0,0,0,0,0,0,0,0,0,0,0,0,0,0,0,0,0,0,0,0,0,0,0,0,0,0,11.93,11.93,5.5,0,0,5.5,0,0,0,0,6.42,6.42,0,0,0,0,0,0,0,0,0,0,0,0,0,0,0,0,0,0,0,0,0,0
"36029005900","14000US36029005900","Census Tract 59, Erie County, New York","Census Tract 59, Erie County, New York","ny","140","00","ACSSF","0011048",,,,,"36","029",,,,"005900",,,,,,,,,,,,,,,,,,,,,,,,,,,,,,,,,,,,,3870,3870,8227.253,0.470387893689083,3870,3466,404,19,385,89.56,10.44,0.49,9.95,404,385,10,0,9,95.3,2.48,0,2.23,404,132,0,0,0,0,0,0,0,0,0,0,0,0,0,0,0,0,0,0,0,132,0,0,0,0,0,121,0,11,0,0,0,242,0,0,0,0,0,0,0,0,0,0,0,0,0,0,0,225,0,0,0,0,225,0,0,17,8,0,0,9,0,0,0,0,0,0,0,0,0,0,0,0,0,0,0,0,0,0,0,0,0,0,0,0,0,0,0,30,21,11,0,11,0,0,0,0,0,0,0,0,0,0,0,0,0,0,10,10,0,0,0,0,0,0,0,0,0,0,9,9,0,32.67,0,0,0,0,0,0,0,0,0,0,0,0,0,0,0,0,0,0,0,32.67,0,0,0,0,0,29.95,0,2.72,0,0,0,59.9,0,0,0,0,0,0,0,0,0,0,0,0,0,0,0,55.69,0,0,0,0,55.69,0,0,4.21,1.98,0,0,2.23,0,0,0,0,0,0,0,0,0,0,0,0,0,0,0,0,0,0,0,0,0,0,0,0,0,0,0,7.43,5.2,2.72,0,2.72,0,0,0,0,0,0,0,0,0,0,0,0,0,0,2.48,2.48,0,0,0,0,0,0,0,0,0,0,2.23,2.23,0
"36029006100","14000US36029006100","Census Tract 61, Erie County, New York","Census Tract 61, Erie County, New York","ny","140","00","ACSSF","0011049",,,,,"36","029",,,,"006100",,,,,,,,,,,,,,,,,,,,,,,,,,,,,,,,,,,,,4478,4478,10762.32,0.416081464470106,4478,3449,1029,326,703,77.02,22.98,7.28,15.7,1029,756,110,91,72,73.47,10.69,8.84,7,1029,81,25,25,0,25,0,0,0,9,0,0,9,0,0,0,0,0,0,0,0,47,0,0,0,0,0,0,0,0,47,0,0,382,0,0,0,0,0,0,0,0,65,0,0,0,0,0,65,212,0,0,0,0,77,0,135,105,0,27,0,0,0,0,78,0,429,383,0,52,331,0,46,0,46,0,0,0,0,0,0,0,0,0,0,0,0,0,0,137,71,0,0,0,0,0,0,0,0,61,61,0,0,0,0,0,0,0,10,0,0,0,0,10,0,0,0,0,0,0,66,66,0,7.87,2.43,2.43,0,2.43,0,0,0,0.87,0,0,0.87,0,0,0,0,0,0,0,0,4.57,0,0,0,0,0,0,0,0,4.57,0,0,37.12,0,0,0,0,0,0,0,0,6.32,0,0,0,0,0,6.32,20.6,0,0,0,0,7.48,0,13.12,10.2,0,2.62,0,0,0,0,7.58,0,41.69,37.22,0,5.05,32.17,0,4.47,0,4.47,0,0,0,0,0,0,0,0,0,0,0,0,0,0,13.31,6.9,0,0,0,0,0,0,0,0,5.93,5.93,0,0,0,0,0,0,0,0.97,0,0,0,0,0.97,0,0,0,0,0,0,6.41,6.41,0
"36029006201","14000US36029006201","Census Tract 62.01, Erie County, New York","Census Tract 62.01, Erie County, New York","ny","140","00","ACSSF","0011050",,,,,"36","029",,,,"006201",,,,,,,,,,,,,,,,,,,,,,,,,,,,,,,,,,,,,2471,2471,13394.57,0.184477688699716,2471,2222,249,86,163,89.92,10.08,3.48,6.6,249,102,135,12,0,40.96,54.22,4.82,0,249,0,0,0,0,0,0,0,0,0,0,0,0,0,0,0,0,0,0,0,0,0,0,0,0,0,0,0,0,0,0,0,0,65,53,26,26,0,0,15,12,0,0,0,0,0,0,0,0,12,0,0,0,0,0,12,0,0,0,0,0,0,0,0,0,0,4,0,0,0,0,0,0,0,0,0,0,0,4,4,0,0,0,0,13,13,13,0,0,167,136,122,0,0,46,46,30,0,0,0,0,0,0,0,0,0,0,0,14,0,0,0,0,0,0,14,0,0,0,0,31,31,0,0,0,0,0,0,0,0,0,0,0,0,0,0,0,0,0,0,0,0,0,0,0,0,0,0,0,0,0,0,0,0,0,26.1,21.29,10.44,10.44,0,0,6.02,4.82,0,0,0,0,0,0,0,0,4.82,0,0,0,0,0,4.82,0,0,0,0,0,0,0,0,0,0,1.61,0,0,0,0,0,0,0,0,0,0,0,1.61,1.61,0,0,0,0,5.22,5.22,5.22,0,0,67.07,54.62,49,0,0,18.47,18.47,12.05,0,0,0,0,0,0,0,0,0,0,0,5.62,0,0,0,0,0,0,5.62,0,0,0,0,12.45,12.45,0
"36029006301","14000US36029006301","Census Tract 63.01, Erie County, New York","Census Tract 63.01, Erie County, New York","ny","140","00","ACSSF","0011051",,,,,"36","029",,,,"006301",,,,,,,,,,,,,,,,,,,,,,,,,,,,,,,,,,,,,4841,4841,17142.41,0.282398991810001,4841,4334,507,162,345,89.53,10.47,3.35,7.13,507,277,28,119,83,54.64,5.52,23.47,16.37,507,144,66,21,21,0,0,0,45,64,15,0,16,33,0,0,0,0,0,0,0,14,0,0,0,0,0,0,0,0,0,14,0,335,104,26,0,0,26,0,78,0,15,0,0,15,0,0,0,216,0,0,0,0,65,0,151,0,0,0,0,0,0,0,0,0,0,0,0,0,0,0,0,0,0,0,0,0,0,0,0,0,0,0,0,0,0,0,0,28,14,14,14,0,0,0,0,0,0,0,0,0,0,0,0,0,0,0,0,0,0,0,0,0,0,0,0,0,0,0,14,14,0,28.4,13.02,4.14,4.14,0,0,0,8.88,12.62,2.96,0,3.16,6.51,0,0,0,0,0,0,0,2.76,0,0,0,0,0,0,0,0,0,2.76,0,66.07,20.51,5.13,0,0,5.13,0,15.38,0,2.96,0,0,2.96,0,0,0,42.6,0,0,0,0,12.82,0,29.78,0,0,0,0,0,0,0,0,0,0,0,0,0,0,0,0,0,0,0,0,0,0,0,0,0,0,0,0,0,0,0,0,5.52,2.76,2.76,2.76,0,0,0,0,0,0,0,0,0,0,0,0,0,0,0,0,0,0,0,0,0,0,0,0,0,0,0,2.76,2.76,0
"36029006302","14000US36029006302","Census Tract 63.02, Erie County, New York","Census Tract 63.02, Erie County, New York","ny","140","00","ACSSF","0011052",,,,,"36","029",,,,"006302",,,,,,,,,,,,,,,,,,,,,,,,,,,,,,,,,,,,,2602,2602,6411.764,0.405816552045801,2602,2459,143,136,7,94.5,5.5,5.23,0.27,143,15,0,25,103,10.49,0,17.48,72.03,143,61,7,7,7,0,0,0,0,0,0,0,0,0,0,12,0,12,0,0,0,42,0,0,33,9,0,0,0,0,0,0,0,40,27,0,0,0,0,0,27,0,0,0,0,0,0,0,0,0,0,0,0,0,0,0,0,13,0,0,13,0,0,0,0,0,0,0,0,0,0,0,0,0,0,0,0,0,0,0,0,0,0,0,0,0,0,0,0,42,27,11,0,0,0,0,0,11,0,0,0,0,0,0,0,0,0,0,16,0,0,0,0,16,0,0,0,0,0,0,15,15,0,42.66,4.9,4.9,4.9,0,0,0,0,0,0,0,0,0,0,8.39,0,8.39,0,0,0,29.37,0,0,23.08,6.29,0,0,0,0,0,0,0,27.97,18.88,0,0,0,0,0,18.88,0,0,0,0,0,0,0,0,0,0,0,0,0,0,0,0,9.09,0,0,9.09,0,0,0,0,0,0,0,0,0,0,0,0,0,0,0,0,0,0,0,0,0,0,0,0,0,0,0,0,29.37,18.88,7.69,0,0,0,0,0,7.69,0,0,0,0,0,0,0,0,0,0,11.19,0,0,0,0,11.19,0,0,0,0,0,0,10.49,10.49,0
"36029006501","14000US36029006501","Census Tract 65.01, Erie County, New York","Census Tract 65.01, Erie County, New York","ny","140","00","ACSSF","0011053",,,,,"36","029",,,,"006501",,,,,,,,,,,,,,,,,,,,,,,,,,,,,,,,,,,,,2797,2797,15317.43,0.182602390435786,2797,2504,293,171,122,89.52,10.48,6.11,4.36,293,116,39,16,122,39.59,13.31,5.46,41.64,293,98,12,0,0,0,0,12,0,10,0,0,10,0,0,67,21,40,6,0,0,9,0,0,9,0,0,0,0,0,0,0,0,119,84,57,13,44,0,0,27,0,35,0,35,0,0,0,0,0,0,0,0,0,0,0,0,0,0,0,0,0,0,0,0,0,50,50,0,0,50,0,0,0,0,0,0,0,0,0,0,0,0,0,0,0,0,0,0,26,26,26,0,0,0,0,0,13,13,0,0,0,0,0,0,0,0,0,0,0,0,0,0,0,0,0,0,0,0,0,0,0,0,33.45,4.1,0,0,0,0,4.1,0,3.41,0,0,3.41,0,0,22.87,7.17,13.65,2.05,0,0,3.07,0,0,3.07,0,0,0,0,0,0,0,0,40.61,28.67,19.45,4.44,15.02,0,0,9.22,0,11.95,0,11.95,0,0,0,0,0,0,0,0,0,0,0,0,0,0,0,0,0,0,0,0,0,17.06,17.06,0,0,17.06,0,0,0,0,0,0,0,0,0,0,0,0,0,0,0,0,0,0,8.87,8.87,8.87,0,0,0,0,0,4.44,4.44,0,0,0,0,0,0,0,0,0,0,0,0,0,0,0,0,0,0,0,0,0,0,0,0
"36029006601","14000US36029006601","Census Tract 66.01, Erie County, New York","Census Tract 66.01, Erie County, New York","ny","140","00","ACSSF","0011054",,,,,"36","029",,,,"006601",,,,,,,,,,,,,,,,,,,,,,,,,,,,,,,,,,,,,2914,2914,19252.34,0.151358230231183,2914,2313,601,194,407,79.38,20.62,6.66,13.97,601,425,79,28,69,70.72,13.14,4.66,11.48,601,26,0,0,0,0,0,0,0,0,0,0,0,0,0,15,0,0,0,15,0,11,0,0,11,0,0,0,0,0,0,0,0,389,35,35,26,9,0,0,0,0,0,0,0,0,0,0,0,354,0,0,0,0,123,35,196,0,0,0,0,0,0,0,0,0,9,9,0,0,9,0,0,0,0,0,0,0,0,0,0,0,0,0,0,0,0,0,0,177,167,167,0,0,71,0,0,96,0,0,0,0,0,0,0,0,0,0,0,0,0,0,0,0,0,0,0,0,0,0,10,10,0,4.33,0,0,0,0,0,0,0,0,0,0,0,0,0,2.5,0,0,0,2.5,0,1.83,0,0,1.83,0,0,0,0,0,0,0,0,64.73,5.82,5.82,4.33,1.5,0,0,0,0,0,0,0,0,0,0,0,58.9,0,0,0,0,20.47,5.82,32.61,0,0,0,0,0,0,0,0,0,1.5,1.5,0,0,1.5,0,0,0,0,0,0,0,0,0,0,0,0,0,0,0,0,0,0,29.45,27.79,27.79,0,0,11.81,0,0,15.97,0,0,0,0,0,0,0,0,0,0,0,0,0,0,0,0,0,0,0,0,0,0,1.66,1.66,0
"36029006602","14000US36029006602","Census Tract 66.02, Erie County, New York","Census Tract 66.02, Erie County, New York","ny","140","00","ACSSF","0011055",,,,,"36","029",,,,"006602",,,,,,,,,,,,,,,,,,,,,,,,,,,,,,,,,,,,,2105,2105,12229.56,0.172123963508711,2105,2078,27,13,14,98.72,1.28,0.62,0.67,27,0,7,7,13,0,25.93,25.93,48.15,27,7,0,0,0,0,0,0,0,0,0,0,0,0,0,0,0,0,0,0,0,7,0,0,7,0,0,0,0,0,0,0,0,0,0,0,0,0,0,0,0,0,0,0,0,0,0,0,0,0,0,0,0,0,0,0,0,0,0,0,0,0,0,0,0,0,0,0,0,0,0,0,0,0,0,0,0,0,0,0,0,0,0,0,0,0,0,0,0,20,13,0,0,0,0,0,0,0,0,0,0,0,0,0,0,0,0,0,13,0,0,0,0,13,0,0,0,0,0,0,7,7,0,25.93,0,0,0,0,0,0,0,0,0,0,0,0,0,0,0,0,0,0,0,25.93,0,0,25.93,0,0,0,0,0,0,0,0,0,0,0,0,0,0,0,0,0,0,0,0,0,0,0,0,0,0,0,0,0,0,0,0,0,0,0,0,0,0,0,0,0,0,0,0,0,0,0,0,0,0,0,0,0,0,0,0,0,0,0,0,0,0,0,0,74.07,48.15,0,0,0,0,0,0,0,0,0,0,0,0,0,0,0,0,0,48.15,0,0,0,0,48.15,0,0,0,0,0,0,25.93,25.93,0
"36029006701","14000US36029006701","Census Tract 67.01, Erie County, New York","Census Tract 67.01, Erie County, New York","ny","140","00","ACSSF","0011056",,,,,"36","029",,,,"006701",,,,,,,,,,,,,,,,,,,,,,,,,,,,,,,,,,,,,4102,4102,19023.43,0.215628798280146,4102,3757,345,191,154,91.59,8.41,4.66,3.75,345,131,45,13,156,37.97,13.04,3.77,45.22,345,139,29,15,15,0,0,14,0,8,0,0,8,0,0,73,0,73,0,0,0,29,0,0,0,8,0,0,0,0,0,21,0,94,15,15,15,0,0,0,0,0,30,0,0,0,30,0,0,49,0,0,0,0,0,0,49,0,0,0,0,0,0,0,0,0,18,18,0,0,18,0,0,0,0,0,0,0,0,0,0,0,0,0,0,0,0,0,0,94,76,14,0,14,0,0,0,0,0,13,0,0,0,0,0,0,0,13,49,0,0,0,0,35,14,0,0,0,0,0,18,18,0,40.29,8.41,4.35,4.35,0,0,4.06,0,2.32,0,0,2.32,0,0,21.16,0,21.16,0,0,0,8.41,0,0,0,2.32,0,0,0,0,0,6.09,0,27.25,4.35,4.35,4.35,0,0,0,0,0,8.7,0,0,0,8.7,0,0,14.2,0,0,0,0,0,0,14.2,0,0,0,0,0,0,0,0,0,5.22,5.22,0,0,5.22,0,0,0,0,0,0,0,0,0,0,0,0,0,0,0,0,0,0,27.25,22.03,4.06,0,4.06,0,0,0,0,0,3.77,0,0,0,0,0,0,0,3.77,14.2,0,0,0,0,10.14,4.06,0,0,0,0,0,5.22,5.22,0
"36029006702","14000US36029006702","Census Tract 67.02, Erie County, New York","Census Tract 67.02, Erie County, New York","ny","140","00","ACSSF","0011057",,,,,"36","029",,,,"006702",,,,,,,,,,,,,,,,,,,,,,,,,,,,,,,,,,,,,3285,3285,10749.09,0.305607207446521,3285,3136,149,38,111,95.46,4.54,1.16,3.38,149,96,27,0,26,64.43,18.12,0,17.45,149,10,0,0,0,0,0,0,0,0,0,0,0,0,0,0,0,0,0,0,0,10,0,0,0,0,0,0,0,0,0,10,0,82,15,0,0,0,0,0,15,0,67,0,0,67,0,0,0,0,0,0,0,0,0,0,0,0,0,0,0,0,0,0,0,0,0,0,0,0,0,0,0,0,0,0,0,0,0,0,0,0,0,0,0,0,0,0,0,57,57,38,0,11,0,0,12,15,0,0,0,0,0,0,0,0,0,0,19,0,0,0,0,0,0,0,0,19,0,0,0,0,0,6.71,0,0,0,0,0,0,0,0,0,0,0,0,0,0,0,0,0,0,0,6.71,0,0,0,0,0,0,0,0,0,6.71,0,55.03,10.07,0,0,0,0,0,10.07,0,44.97,0,0,44.97,0,0,0,0,0,0,0,0,0,0,0,0,0,0,0,0,0,0,0,0,0,0,0,0,0,0,0,0,0,0,0,0,0,0,0,0,0,0,0,0,0,0,0,38.26,38.26,25.5,0,7.38,0,0,8.05,10.07,0,0,0,0,0,0,0,0,0,0,12.75,0,0,0,0,0,0,0,0,12.75,0,0,0,0,0
"36029006800","14000US36029006800","Census Tract 68, Erie County, New York","Census Tract 68, Erie County, New York","ny","140","00","ACSSF","0011058",,,,,"36","029",,,,"006800",,,,,,,,,,,,,,,,,,,,,,,,,,,,,,,,,,,,,3622,3622,10835.44,0.334273363428711,3622,3451,171,113,58,95.28,4.72,3.12,1.6,171,30,38,21,82,17.54,22.22,12.28,47.95,171,59,27,14,14,0,0,0,13,32,0,0,32,0,0,0,0,0,0,0,0,0,0,0,0,0,0,0,0,0,0,0,0,26,0,0,0,0,0,0,0,0,4,0,0,0,4,0,0,22,0,22,0,0,0,0,0,0,0,0,0,0,0,0,0,0,14,14,0,0,14,0,0,0,0,0,0,0,0,0,0,0,0,0,14,14,0,14,0,58,21,21,0,0,21,0,0,0,0,0,0,0,0,0,0,0,0,0,0,0,0,0,0,0,0,0,0,0,0,0,37,37,0,34.5,15.79,8.19,8.19,0,0,0,7.6,18.71,0,0,18.71,0,0,0,0,0,0,0,0,0,0,0,0,0,0,0,0,0,0,0,0,15.2,0,0,0,0,0,0,0,0,2.34,0,0,0,2.34,0,0,12.87,0,12.87,0,0,0,0,0,0,0,0,0,0,0,0,0,0,8.19,8.19,0,0,8.19,0,0,0,0,0,0,0,0,0,0,0,0,0,8.19,8.19,0,8.19,0,33.92,12.28,12.28,0,0,12.28,0,0,0,0,0,0,0,0,0,0,0,0,0,0,0,0,0,0,0,0,0,0,0,0,0,21.64,21.64,0
"36029006901","14000US36029006901","Census Tract 69.01, Erie County, New York","Census Tract 69.01, Erie County, New York","ny","140","00","ACSSF","0011059",,,,,"36","029",,,,"006901",,,,,,,,,,,,,,,,,,,,,,,,,,,,,,,,,,,,,3533,3533,15475.44,0.228297196743769,3533,3001,532,113,419,84.94,15.06,3.2,11.86,532,365,85,39,43,68.61,15.98,7.33,8.08,532,67,0,0,0,0,0,0,0,0,0,0,0,0,0,54,0,54,0,0,0,13,0,0,0,0,0,0,0,0,0,13,0,245,0,0,0,0,0,0,0,0,178,35,0,0,0,143,0,67,0,0,0,0,0,67,0,0,0,0,0,0,0,0,0,0,150,118,0,0,118,0,32,0,32,0,0,0,0,0,0,0,0,0,0,0,0,0,0,70,70,70,0,0,55,0,0,15,0,0,0,0,0,0,0,0,0,0,0,0,0,0,0,0,0,0,0,0,0,0,0,0,0,12.59,0,0,0,0,0,0,0,0,0,0,0,0,0,10.15,0,10.15,0,0,0,2.44,0,0,0,0,0,0,0,0,0,2.44,0,46.05,0,0,0,0,0,0,0,0,33.46,6.58,0,0,0,26.88,0,12.59,0,0,0,0,0,12.59,0,0,0,0,0,0,0,0,0,0,28.2,22.18,0,0,22.18,0,6.02,0,6.02,0,0,0,0,0,0,0,0,0,0,0,0,0,0,13.16,13.16,13.16,0,0,10.34,0,0,2.82,0,0,0,0,0,0,0,0,0,0,0,0,0,0,0,0,0,0,0,0,0,0,0,0,0
"36029006902","14000US36029006902","Census Tract 69.02, Erie County, New York","Census Tract 69.02, Erie County, New York","ny","140","00","ACSSF","0011060",,,,,"36","029",,,,"006902",,,,,,,,,,,,,,,,,,,,,,,,,,,,,,,,,,,,,3973,3973,15916.63,0.249613125620659,3973,3362,611,264,347,84.62,15.38,6.64,8.73,611,455,103,43,10,74.47,16.86,7.04,1.64,611,102,27,27,0,27,0,0,0,16,0,0,0,16,0,38,0,38,0,0,0,21,0,0,10,11,0,0,0,0,0,0,0,131,0,0,0,0,0,0,0,0,0,0,0,0,0,0,0,39,0,0,0,0,0,39,0,92,92,0,0,0,0,0,0,0,253,0,0,0,0,99,133,0,133,0,0,0,21,0,0,21,0,0,0,0,0,0,0,125,73,53,0,53,0,0,0,0,0,20,20,0,0,0,0,0,0,0,0,0,0,0,0,0,0,0,0,0,0,0,52,52,0,16.69,4.42,4.42,0,4.42,0,0,0,2.62,0,0,0,2.62,0,6.22,0,6.22,0,0,0,3.44,0,0,1.64,1.8,0,0,0,0,0,0,0,21.44,0,0,0,0,0,0,0,0,0,0,0,0,0,0,0,6.38,0,0,0,0,0,6.38,0,15.06,15.06,0,0,0,0,0,0,0,41.41,0,0,0,0,16.2,21.77,0,21.77,0,0,0,3.44,0,0,3.44,0,0,0,0,0,0,0,20.46,11.95,8.67,0,8.67,0,0,0,0,0,3.27,3.27,0,0,0,0,0,0,0,0,0,0,0,0,0,0,0,0,0,0,0,8.51,8.51,0
"36029007000","14000US36029007000","Census Tract 70, Erie County, New York","Census Tract 70, Erie County, New York","ny","140","00","ACSSF","0011061",,,,,"36","029",,,,"007000",,,,,,,,,,,,,,,,,,,,,,,,,,,,,,,,,,,,,3510,3510,7510.766,0.467329192258806,3510,3116,394,41,353,88.77,11.23,1.17,10.06,394,334,30,14,16,84.77,7.61,3.55,4.06,394,31,31,31,0,31,0,0,0,0,0,0,0,0,0,0,0,0,0,0,0,0,0,0,0,0,0,0,0,0,0,0,0,20,0,0,0,0,0,0,0,0,20,0,0,20,0,0,0,0,0,0,0,0,0,0,0,0,0,0,0,0,0,0,0,0,297,181,25,123,33,0,97,36,61,0,0,0,19,0,19,0,0,0,0,0,0,0,0,46,25,9,0,9,0,0,0,0,0,16,16,0,0,0,0,0,0,0,0,0,0,0,0,0,0,0,0,0,0,0,21,21,0,7.87,7.87,7.87,0,7.87,0,0,0,0,0,0,0,0,0,0,0,0,0,0,0,0,0,0,0,0,0,0,0,0,0,0,0,5.08,0,0,0,0,0,0,0,0,5.08,0,0,5.08,0,0,0,0,0,0,0,0,0,0,0,0,0,0,0,0,0,0,0,0,75.38,45.94,6.35,31.22,8.38,0,24.62,9.14,15.48,0,0,0,4.82,0,4.82,0,0,0,0,0,0,0,0,11.68,6.35,2.28,0,2.28,0,0,0,0,0,4.06,4.06,0,0,0,0,0,0,0,0,0,0,0,0,0,0,0,0,0,0,0,5.33,5.33,0
"36029007101","14000US36029007101","Census Tract 71.01, Erie County, New York","Census Tract 71.01, Erie County, New York","ny","140","00","ACSSF","0011062",,,,,"36","029",,,,"007101",,,,,,,,,,,,,,,,,,,,,,,,,,,,,,,,,,,,,4257,4257,16047.66,0.26527227153176,4257,3761,496,186,310,88.35,11.65,4.37,7.28,496,326,71,0,99,65.73,14.31,0,19.96,496,24,0,0,0,0,0,0,0,0,0,0,0,0,0,24,0,24,0,0,0,0,0,0,0,0,0,0,0,0,0,0,0,27,0,0,0,0,0,0,0,0,0,0,0,0,0,0,0,27,0,0,0,0,0,27,0,0,0,0,0,0,0,0,0,0,312,0,0,0,0,29,0,0,0,0,0,0,147,0,126,0,21,136,0,0,0,0,0,133,119,86,0,35,51,0,0,0,0,0,0,0,0,0,0,0,0,0,33,0,0,0,0,10,0,23,0,0,0,0,14,14,0,4.84,0,0,0,0,0,0,0,0,0,0,0,0,0,4.84,0,4.84,0,0,0,0,0,0,0,0,0,0,0,0,0,0,0,5.44,0,0,0,0,0,0,0,0,0,0,0,0,0,0,0,5.44,0,0,0,0,0,5.44,0,0,0,0,0,0,0,0,0,0,62.9,0,0,0,0,5.85,0,0,0,0,0,0,29.64,0,25.4,0,4.23,27.42,0,0,0,0,0,26.81,23.99,17.34,0,7.06,10.28,0,0,0,0,0,0,0,0,0,0,0,0,0,6.65,0,0,0,0,2.02,0,4.64,0,0,0,0,2.82,2.82,0
"36029007102","14000US36029007102","Census Tract 71.02, Erie County, New York","Census Tract 71.02, Erie County, New York","ny","140","00","ACSSF","0011063",,,,,"36","029",,,,"007102",,,,,,,,,,,,,,,,,,,,,,,,,,,,,,,,,,,,,2843,2843,8425.621,0.337423184972286,2843,2642,201,17,184,92.93,7.07,0.6,6.47,201,145,21,0,35,72.14,10.45,0,17.41,201,0,0,0,0,0,0,0,0,0,0,0,0,0,0,0,0,0,0,0,0,0,0,0,0,0,0,0,0,0,0,0,0,39,0,0,0,0,0,0,0,0,31,0,0,11,0,20,0,8,0,0,0,0,0,8,0,0,0,0,0,0,0,0,0,0,92,92,25,0,67,0,0,0,0,0,0,0,0,0,0,0,0,0,0,0,0,0,0,70,43,43,0,0,43,0,0,0,0,0,0,0,0,0,0,0,0,0,0,0,0,0,0,0,0,0,0,0,0,0,27,27,0,0,0,0,0,0,0,0,0,0,0,0,0,0,0,0,0,0,0,0,0,0,0,0,0,0,0,0,0,0,0,0,0,19.4,0,0,0,0,0,0,0,0,15.42,0,0,5.47,0,9.95,0,3.98,0,0,0,0,0,3.98,0,0,0,0,0,0,0,0,0,0,45.77,45.77,12.44,0,33.33,0,0,0,0,0,0,0,0,0,0,0,0,0,0,0,0,0,0,34.83,21.39,21.39,0,0,21.39,0,0,0,0,0,0,0,0,0,0,0,0,0,0,0,0,0,0,0,0,0,0,0,0,0,13.43,13.43,0
"36029007202","14000US36029007202","Census Tract 72.02, Erie County, New York","Census Tract 72.02, Erie County, New York","ny","140","00","ACSSF","0011064",,,,,"36","029",,,,"007202",,,,,,,,,,,,,,,,,,,,,,,,,,,,,,,,,,,,,1276,1276,3294.257,0.387340790768143,1276,1121,155,107,48,87.85,12.15,8.39,3.76,155,11,52,0,92,7.1,33.55,0,59.35,155,60,11,11,0,11,0,0,0,0,0,0,0,0,0,0,0,0,0,0,0,49,0,0,0,49,0,0,0,0,0,0,0,64,32,32,0,0,32,0,0,0,20,0,0,0,20,0,0,12,0,0,0,0,7,0,5,0,0,0,0,0,0,0,0,0,10,0,0,0,0,10,0,0,0,0,0,0,0,0,0,0,0,0,0,0,0,0,0,21,21,21,0,21,0,0,0,0,0,0,0,0,0,0,0,0,0,0,0,0,0,0,0,0,0,0,0,0,0,0,0,0,0,38.71,7.1,7.1,0,7.1,0,0,0,0,0,0,0,0,0,0,0,0,0,0,0,31.61,0,0,0,31.61,0,0,0,0,0,0,0,41.29,20.65,20.65,0,0,20.65,0,0,0,12.9,0,0,0,12.9,0,0,7.74,0,0,0,0,4.52,0,3.23,0,0,0,0,0,0,0,0,0,6.45,0,0,0,0,6.45,0,0,0,0,0,0,0,0,0,0,0,0,0,0,0,0,0,13.55,13.55,13.55,0,13.55,0,0,0,0,0,0,0,0,0,0,0,0,0,0,0,0,0,0,0,0,0,0,0,0,0,0,0,0,0
"36029016300","14000US36029016300","Census Tract 163, Erie County, New York","Census Tract 163, Erie County, New York","ny","140","00","ACSSF","0011215",,,,,"36","029",,,,"016300",,,,,,,,,,,,,,,,,,,,,,,,,,,,,,,,,,,,,2738,2738,1727.963,1.58452471594463,2738,2663,75,30,45,97.26,2.74,1.1,1.64,75,26,20,21,8,34.67,26.67,28,10.67,75,18,8,8,0,8,0,0,0,0,0,0,0,0,0,0,0,0,0,0,0,10,0,0,0,0,0,0,0,0,0,10,0,38,16,16,16,0,0,0,0,0,0,0,0,0,0,0,0,12,0,0,0,0,0,0,12,10,0,0,0,0,10,0,0,0,0,0,0,0,0,0,0,0,0,0,0,0,0,0,0,0,0,0,0,0,0,0,0,19,19,19,0,0,9,0,0,10,0,0,0,0,0,0,0,0,0,0,0,0,0,0,0,0,0,0,0,0,0,0,0,0,0,24,10.67,10.67,0,10.67,0,0,0,0,0,0,0,0,0,0,0,0,0,0,0,13.33,0,0,0,0,0,0,0,0,0,13.33,0,50.67,21.33,21.33,21.33,0,0,0,0,0,0,0,0,0,0,0,0,16,0,0,0,0,0,0,16,13.33,0,0,0,0,13.33,0,0,0,0,0,0,0,0,0,0,0,0,0,0,0,0,0,0,0,0,0,0,0,0,0,0,25.33,25.33,25.33,0,0,12,0,0,13.33,0,0,0,0,0,0,0,0,0,0,0,0,0,0,0,0,0,0,0,0,0,0,0,0,0
"36029016400","14000US36029016400","Census Tract 164, Erie County, New York","Census Tract 164, Erie County, New York","ny","140","00","ACSSF","0011216",,,,,"36","029",,,,"016400",,,,,,,,,,,,,,,,,,,,,,,,,,,,,,,,,,,,,3166,3166,3216.912,0.984173671847128,3166,2999,167,115,52,94.73,5.27,3.63,1.64,167,51,20,54,42,30.54,11.98,32.34,25.15,167,41,0,0,0,0,0,0,0,11,0,0,11,0,0,0,0,0,0,0,0,30,16,0,0,14,0,0,0,0,0,0,0,110,38,38,38,0,0,0,0,0,0,0,0,0,0,0,0,0,0,0,0,0,0,0,0,72,0,0,0,0,0,0,72,0,0,0,0,0,0,0,0,0,0,0,0,0,0,0,0,0,0,0,0,0,0,0,0,16,16,16,0,0,16,0,0,0,0,0,0,0,0,0,0,0,0,0,0,0,0,0,0,0,0,0,0,0,0,0,0,0,0,24.55,0,0,0,0,0,0,0,6.59,0,0,6.59,0,0,0,0,0,0,0,0,17.96,9.58,0,0,8.38,0,0,0,0,0,0,0,65.87,22.75,22.75,22.75,0,0,0,0,0,0,0,0,0,0,0,0,0,0,0,0,0,0,0,0,43.11,0,0,0,0,0,0,43.11,0,0,0,0,0,0,0,0,0,0,0,0,0,0,0,0,0,0,0,0,0,0,0,0,9.58,9.58,9.58,0,0,9.58,0,0,0,0,0,0,0,0,0,0,0,0,0,0,0,0,0,0,0,0,0,0,0,0,0,0,0,0
"36029016500","14000US36029016500","Census Tract 165, Erie County, New York","Census Tract 165, Erie County, New York","ny","140","00","ACSSF","0011217",,,,,"36","029",,,,"016500",,,,,,,,,,,,,,,,,,,,,,,,,,,,,,,,,,,,,1152,1152,1579.472,0.729357819418468,1152,1035,117,24,93,89.84,10.16,2.08,8.07,117,36,58,4,19,30.77,49.57,3.42,16.24,117,57,0,0,0,0,0,0,0,0,0,0,0,0,0,0,0,0,0,0,0,57,0,0,0,0,0,23,24,0,10,0,0,51,15,4,4,0,0,11,0,0,0,0,0,0,0,0,0,36,0,0,0,0,0,0,36,0,0,0,0,0,0,0,0,0,0,0,0,0,0,0,0,0,0,0,0,0,0,0,0,0,0,0,0,0,0,0,0,9,9,0,0,0,0,0,0,0,0,9,9,0,0,0,0,0,0,0,0,0,0,0,0,0,0,0,0,0,0,0,0,0,0,48.72,0,0,0,0,0,0,0,0,0,0,0,0,0,0,0,0,0,0,0,48.72,0,0,0,0,0,19.66,20.51,0,8.55,0,0,43.59,12.82,3.42,3.42,0,0,9.4,0,0,0,0,0,0,0,0,0,30.77,0,0,0,0,0,0,30.77,0,0,0,0,0,0,0,0,0,0,0,0,0,0,0,0,0,0,0,0,0,0,0,0,0,0,0,0,0,0,0,0,7.69,7.69,0,0,0,0,0,0,0,0,7.69,7.69,0,0,0,0,0,0,0,0,0,0,0,0,0,0,0,0,0,0,0,0,0,0
"36029016600","14000US36029016600","Census Tract 166, Erie County, New York","Census Tract 166, Erie County, New York","ny","140","00","ACSSF","0011218",,,,,"36","029",,,,"016600",,,,,,,,,,,,,,,,,,,,,,,,,,,,,,,,,,,,,2859,2859,6338.896,0.451024869613296,2859,2846,13,13,0,99.55,0.45,0.45,0,13,0,0,7,6,0,0,53.85,46.15,13,0,0,0,0,0,0,0,0,0,0,0,0,0,0,0,0,0,0,0,0,0,0,0,0,0,0,0,0,0,0,0,0,0,0,0,0,0,0,0,0,0,0,0,0,0,0,0,0,0,0,0,0,0,0,0,0,0,0,0,0,0,0,0,0,0,7,0,0,0,0,0,0,0,0,0,0,0,0,0,0,0,0,7,0,0,0,0,0,6,6,6,0,0,0,0,0,0,6,0,0,0,0,0,0,0,0,0,0,0,0,0,0,0,0,0,0,0,0,0,0,0,0,0,0,0,0,0,0,0,0,0,0,0,0,0,0,0,0,0,0,0,0,0,0,0,0,0,0,0,0,0,0,0,0,0,0,0,0,0,0,0,0,0,0,0,0,0,0,0,0,0,0,0,0,0,0,0,0,0,0,0,0,0,0,0,0,0,53.85,0,0,0,0,0,0,0,0,0,0,0,0,0,0,0,0,53.85,0,0,0,0,0,46.15,46.15,46.15,0,0,0,0,0,0,46.15,0,0,0,0,0,0,0,0,0,0,0,0,0,0,0,0,0,0,0,0,0,0,0,0
"36029016700","14000US36029016700","Census Tract 167, Erie County, New York","Census Tract 167, Erie County, New York","ny","140","00","ACSSF","0011219",,,,,"36","029",,,,"016700",,,,,,,,,,,,,,,,,,,,,,,,,,,,,,,,,,,,,2553,2553,3469.453,0.735850899695288,2553,2409,144,144,0,94.36,5.64,5.64,0,144,0,77,14,53,0,53.47,9.72,36.81,144,105,0,0,0,0,0,0,0,28,0,0,28,0,0,0,0,0,0,0,0,77,0,0,0,0,0,0,0,0,0,77,0,14,0,0,0,0,0,0,0,0,0,0,0,0,0,0,0,0,0,0,0,0,0,0,0,14,14,0,0,0,0,0,0,0,0,0,0,0,0,0,0,0,0,0,0,0,0,0,0,0,0,0,0,0,0,0,0,25,0,0,0,0,0,0,0,0,0,0,0,0,0,0,0,0,0,0,0,0,0,0,0,0,0,0,0,0,0,0,25,25,0,72.92,0,0,0,0,0,0,0,19.44,0,0,19.44,0,0,0,0,0,0,0,0,53.47,0,0,0,0,0,0,0,0,0,53.47,0,9.72,0,0,0,0,0,0,0,0,0,0,0,0,0,0,0,0,0,0,0,0,0,0,0,9.72,9.72,0,0,0,0,0,0,0,0,0,0,0,0,0,0,0,0,0,0,0,0,0,0,0,0,0,0,0,0,0,0,17.36,0,0,0,0,0,0,0,0,0,0,0,0,0,0,0,0,0,0,0,0,0,0,0,0,0,0,0,0,0,0,17.36,17.36,0
"36029016800","14000US36029016800","Census Tract 168, Erie County, New York","Census Tract 168, Erie County, New York","ny","140","00","ACSSF","0011220",,,,,"36","029",,,,"016800",,,,,,,,,,,,,,,,,,,,,,,,,,,,,,,,,,,,,3649,3649,5477.125,0.666225480581377,3649,3531,118,86,32,96.77,3.23,2.36,0.88,118,16,43,35,24,13.56,36.44,29.66,20.34,118,0,0,0,0,0,0,0,0,0,0,0,0,0,0,0,0,0,0,0,0,0,0,0,0,0,0,0,0,0,0,0,0,69,0,0,0,0,0,0,0,0,0,0,0,0,0,0,0,69,0,0,0,34,0,35,0,0,0,0,0,0,0,0,0,0,0,0,0,0,0,0,0,0,0,0,0,0,0,0,0,0,0,0,0,0,0,0,0,49,49,49,0,0,16,0,9,24,0,0,0,0,0,0,0,0,0,0,0,0,0,0,0,0,0,0,0,0,0,0,0,0,0,0,0,0,0,0,0,0,0,0,0,0,0,0,0,0,0,0,0,0,0,0,0,0,0,0,0,0,0,0,0,0,0,58.47,0,0,0,0,0,0,0,0,0,0,0,0,0,0,0,58.47,0,0,0,28.81,0,29.66,0,0,0,0,0,0,0,0,0,0,0,0,0,0,0,0,0,0,0,0,0,0,0,0,0,0,0,0,0,0,0,0,0,41.53,41.53,41.53,0,0,13.56,0,7.63,20.34,0,0,0,0,0,0,0,0,0,0,0,0,0,0,0,0,0,0,0,0,0,0,0,0,0
"36029016900","14000US36029016900","Census Tract 169, Erie County, New York","Census Tract 169, Erie County, New York","ny","140","00","ACSSF","0011221",,,,,"36","029",,,,"016900",,,,,,,,,,,,,,,,,,,,,,,,,,,,,,,,,,,,,4022,4022,11557.61,0.347995820830058,4022,3838,184,159,25,95.43,4.57,3.95,0.62,184,14,73,56,41,7.61,39.67,30.43,22.28,184,59,21,21,0,21,0,0,0,23,0,12,11,0,0,0,0,0,0,0,0,15,0,0,0,0,0,0,15,0,0,0,0,37,8,8,8,0,0,0,0,0,0,0,0,0,0,0,0,0,0,0,0,0,0,0,0,29,0,0,0,0,6,0,23,0,0,0,0,0,0,0,0,0,0,0,0,0,0,0,0,0,0,0,0,0,0,0,0,88,88,66,0,10,0,0,56,0,0,22,0,0,0,0,0,0,22,0,0,0,0,0,0,0,0,0,0,0,0,0,0,0,0,32.07,11.41,11.41,0,11.41,0,0,0,12.5,0,6.52,5.98,0,0,0,0,0,0,0,0,8.15,0,0,0,0,0,0,8.15,0,0,0,0,20.11,4.35,4.35,4.35,0,0,0,0,0,0,0,0,0,0,0,0,0,0,0,0,0,0,0,0,15.76,0,0,0,0,3.26,0,12.5,0,0,0,0,0,0,0,0,0,0,0,0,0,0,0,0,0,0,0,0,0,0,0,0,47.83,47.83,35.87,0,5.43,0,0,30.43,0,0,11.96,0,0,0,0,0,0,11.96,0,0,0,0,0,0,0,0,0,0,0,0,0,0,0,0
"36029017000","14000US36029017000","Census Tract 170, Erie County, New York","Census Tract 170, Erie County, New York","ny","140","00","ACSSF","0011222",,,,,"36","029",,,,"017000",,,,,,,,,,,,,,,,,,,,,,,,,,,,,,,,,,,,,2925,2925,5371.88,0.544502136689436,2925,2797,128,96,32,95.62,4.38,3.28,1.09,128,15,0,17,96,11.72,0,13.28,75,128,15,0,0,0,0,0,0,0,8,0,0,8,0,0,0,0,0,0,0,0,7,0,0,0,7,0,0,0,0,0,0,0,17,0,0,0,0,0,0,0,0,17,0,0,17,0,0,0,0,0,0,0,0,0,0,0,0,0,0,0,0,0,0,0,0,27,12,0,0,12,0,0,0,0,0,0,0,15,15,0,0,0,0,0,0,0,0,0,69,69,47,0,0,0,0,47,0,0,22,0,0,0,0,0,0,0,22,0,0,0,0,0,0,0,0,0,0,0,0,0,0,0,11.72,0,0,0,0,0,0,0,6.25,0,0,6.25,0,0,0,0,0,0,0,0,5.47,0,0,0,5.47,0,0,0,0,0,0,0,13.28,0,0,0,0,0,0,0,0,13.28,0,0,13.28,0,0,0,0,0,0,0,0,0,0,0,0,0,0,0,0,0,0,0,0,21.09,9.38,0,0,9.38,0,0,0,0,0,0,0,11.72,11.72,0,0,0,0,0,0,0,0,0,53.91,53.91,36.72,0,0,0,0,36.72,0,0,17.19,0,0,0,0,0,0,0,17.19,0,0,0,0,0,0,0,0,0,0,0,0,0,0,0
"36029017100","14000US36029017100","Census Tract 171, Erie County, New York","Census Tract 171, Erie County, New York","ny","140","00","ACSSF","0011223",,,,,"36","029",,,,"017100",,,,,,,,,,,,,,,,,,,,,,,,,,,,,,,,,,,,,4195,4195,5410.673,0.77531942232937,4195,3600,595,231,364,85.82,14.18,5.51,8.68,595,391,162,17,25,65.71,27.23,2.86,4.2,595,25,0,0,0,0,0,0,0,15,0,0,15,0,0,0,0,0,0,0,0,10,0,0,0,0,0,10,0,0,0,0,0,131,16,0,0,0,0,0,16,0,0,0,0,0,0,0,0,105,0,0,0,0,31,0,74,10,0,0,0,0,0,0,10,0,393,253,34,28,191,0,0,0,0,0,0,0,130,0,115,0,15,10,0,0,0,0,0,46,46,0,0,0,0,0,0,0,0,46,46,0,0,0,0,0,0,0,0,0,0,0,0,0,0,0,0,0,0,0,0,0,0,4.2,0,0,0,0,0,0,0,2.52,0,0,2.52,0,0,0,0,0,0,0,0,1.68,0,0,0,0,0,1.68,0,0,0,0,0,22.02,2.69,0,0,0,0,0,2.69,0,0,0,0,0,0,0,0,17.65,0,0,0,0,5.21,0,12.44,1.68,0,0,0,0,0,0,1.68,0,66.05,42.52,5.71,4.71,32.1,0,0,0,0,0,0,0,21.85,0,19.33,0,2.52,1.68,0,0,0,0,0,7.73,7.73,0,0,0,0,0,0,0,0,7.73,7.73,0,0,0,0,0,0,0,0,0,0,0,0,0,0,0,0,0,0,0,0,0,0
